0,1484.5,0,159.9,1228.1,21.698,0
0,0,0,0,0,0,0
0,0,0,0,0,0,0
0,0,0,0,0,0,0
0,0,0,0,0,0,0
0,0,0,0,0,0,0
0,0,0,0,0,0,0
0,0,0,0,0,0,0
0,0,0,0,0,0,0
0,0,0,0,0,0,0
0,0,0,0,0,0,0
0,0,0,0,0,5.4296,0
0,0,0,0,0,0,0
0,0,0,0,0,0,0
0,0,0,0,0,0,0
0,0,0,0,0,0,0
0,0,0,0,0,0,0
0,0,0,0,0,0,0
0,0,0,0,0,0,0
0,0,0,0,0,0,0
0,0,0,0,0,0,0
0,0,0,0,0,0,0
0,0,0,0,0,0,0
0,0,0,0,0,0,0
0,0,0,0,0,0,0
0,0,0,0,0,0,0
0,763.54,0,78.264,9488.1,78.366,0
2.4029,2532.5,0,40.712,11075,3.181,0
0,0,0,0,0,0,0
0,0,0,0,0,0,0
0,0,0,0,0,0,0
0,0,0,0,0,0,0
0,0,0,0,0,0,0
0,0,0,0,0,0,0
0,0,0,0,0,0,0
2.6748,945.6,0,254.31,677.7,29.012,0
0,0,0,3.9791,46.34,0,0
0,0,0,0,0,0,0
0,0,0,0,0,0,0
8.4471,3031.7,0,221.42,966.16,72.007,0
0,0,0,0,0,0,0
0,0,0,0,0,0,0
0,0,0,0,0,0,0
0,0,0,0,0,0,0
0,0,0,0,0,0,0
0,509.51,0,16.677,9.8873,2.1863,0
0,0,0,0,0,0,0
0,0,0,0.059309,0,0,0
22.111,3147,0,276.85,1416.6,105.87,0
63.732,1773,0,534.26,1076.9,42.912,0
0,0,0,0,0,0,0
0,0.67071,0,2.2315,0,0.045106,0
0,0,0,0,0,0,0
0,0,0,0,0,0,0
0,0,0,0,0,0,0
0,0,0,0,0,0,0
0,464.76,0,275.32,139.11,124.65,0
0,0,0,0,0,0,0
19.147,573.95,0,55.607,116.8,21.94,0
0,0,0,0,0,0,0
0,0,0,0,0,0,0
0,0,0,0,0,0,0
0,0,0,0,0,0,0
0,49.091,0,82.637,7.124,8.1421,0
26.979,8639.5,0,572.5,11478,21.354,0
0,1737.9,0,364.25,1492.2,27.171,0
0,0,0,0,0,0,0
191.54,20429,0,1571.2,22459,264.63,0
14.351,6888.1,0,164.48,2271.9,92.164,0
0,0,0,0,0,0,0
0,0,0,22.146,416.42,0,0
0,0,0,0,0,0,0
0,0,0,0,0,0,0
0,0,0,0,0,0,0
0,0,0,0,0,1.9714,0
0,0,0,0,0,0,0
0,1959.5,0,50.945,2269.2,1.2805,0
2.9892,1454.5,0,36.823,2849.8,8.1776,0
0,0,0,0,0,0,0
0,0,0,0,0,0,0
0,0,0,0,0,0,0
0,155.57,0,3.1446,1.4473,8.301,0
0,0,0,0,0,0,0
0,0,0,0,0,0,0
0,0,0,0,0,0,0
0,0,0,0,0,0,0
0,0,0,0,0,0,0
0,0,0,0,0,0,0
0,1.8335,0,23.153,0,2.788,0
0,0,0,0,0,0,0
0,0,0,0,0,0,0
0,0,0,0,0,0,0
0,0,0,0,0,0,0
0,0,0,0,0,0,0
0,0,0,0,0,0,0
0,0,0,0,0,0,0
0,0,0,0,0,0,0
0,0,0,0,0,0,0
0,0,0,0,0,0,0
0,0,0,0,0,0,0
0,0,0,0,0,0,0
0,0,0,0,0,0,0
0,535.7,0,119.42,19.45,6.5809,0
0,0,0,0,0,0,0
0,0,0,0,0,0,0
0,0,0,0,0,0,0
0,0,0,0,0,0,0
0,0,0,0,0,0,0
0,0,0,0,0,0,0
0,0,0,0,0,0,0
0,0,0,0,0,0,0
0,0,0,0,0,0,0
0,0,0,0,0,0,0
0,5.824,0,8.2308,0.062052,0.059523,0
0,0,0,0,0,0,0
0,0,0,0,0,0,0
0,216.3,0,306.7,567.56,11.296,0
0,0,0,0,0,0,0
0,0,0,0,0,0,0
0,0,0,0,0,0,0
0,0,0,0,0,0,0
0,0,0,0,0,0,0
0,1131.2,0,127.63,66.849,138.27,0
0,0,0,0,0,0,0
0,0,0,0,0,0,0
0,0,0,0,0,0,0
0,0,0,0,0,0,0
0,0,0,0,0,0,0
0,0,0,0,0,0,0
0,0,0,0,0,0,0
0,0,0,0,0,0,0
0,0,0,0,0,0,0
0,0,0,0,0,0,0
0,0,0,0,0,0,0
0,0,0,0,0,0,0
0,0.19784,0,0.00041023,0.032057,0.013738,0
0,0,0,0,0,0,0
0,0,0,0,0,0,0
0,0,0,0,0,0,0
0,5.6901,0,0.19171,0.017937,0.14401,0
0,0,0,0,0,0,0
0,0,0,0,0,0.012985,0
0,0,0,0,0,0,0
0,0,0,0,0,0,0
0,0,0,0,0,0,0
0,0,0,0,0,0,0
0,0,0,0,0,0,0
0,0,0,0,0,0,0
0,0,0,0,0,0,0
0,0,0,0,0,0,0
0,0,0,0,0,0,0
0,0,0,54.536,0,38.632,0
0,0,0,0,0,0,0
0,0,0,0,0,0,0
0,0,0,0,0,0,0
0,0,0,0,0,0,0
0,0,0,0,0,0,0
0,0,0,0,0,0,0
0,0,0,0,0,0,0
0,0,0,0,0,0,0
0,2.9491,0,0.26901,0.38349,0.14748,0
0,0,0,0,0,0,0
0,0,0,0,0,0,0
0.13392,39.018,0,26.047,2.346,7.9663,0
0,0,0,0,0,0,0
0,0,0,0,0,0,0
0,5.0285e-05,0,2.1109,0,0.05005,0
0,0,0,0,0,0,0
0,454.73,0,12.103,114.2,24.945,0
2245.2,0,0,0,0,9.5354,0
0,0,0,0,0,0,0
63.568,2524,0,30.227,1218.7,0.51711,0
6.2754,0,0,0,0,0,0
44.487,6.907,0,0.59967,1.5036,0.52471,0
0,0,0,0,0,0,0
7.0244,143.65,0,84.054,16.098,54.17,0
0,0,0,0,0,0,0
0,0,0,0,0,0,0
0,0,0,0,0,0,0
0,0,0,0,0,0,0
0,0,0,0,0,0,0
0,0,0,0,0,0,0
0,0,0,0,0,6.9031,0
0,0,0,0,0,0,0
0,0,0,0,0,0,0
0,0,0,0,0,0,0
0.20476,11.265,0,0.20392,0.0079414,2.3246,0
0,0,0,0,0,0,0
0,0.067857,0,0.012245,0,0.0097697,0
0,0,0,0,0,0,0
0,0,0,0,0,0,0
0,0,0,0,0,0,0
21.82,111.87,0,5.9869,1.1678,14.795,0
0,0,0,0,0,0,0
0,113.41,0,24.561,1.2071,3.4622,0
0.64365,0,0,0,0,0,0
0,48.513,0,5.2154,0.068031,8.9489,0
0,0,0,0,0,0,0
0,0,0,0,0,0,0
0,0,0,0,0,0,0
0,0,0,0,0,0,0
0,469.89,0,28.618,17.012,4.4539,0
0,0,0,0,0,0,0
0,0,0,0,0,0,0
0,0,0,0,0,0.78368,0
1095.8,3.4547,0,48.979,3.9334,5.4803,0
0,0,0,0,0,0,0
0,0,0,0,0,6.9023,0
0,0,0,0,0,0,0
0,0,0,0,0,0,0
0,0,0,0,0,0,0
0,0,0,0,0,0,0
0.042605,31.967,0,42.808,3.1709,7.2287,0
0,0,0,0,0,0,0
0,0,0,0,0,0,0
33.243,14111,0,372.79,7383.4,155.6,0
0,0,0,0,0,0,0
0,0,0,0,0,0,0
0,0,0,0,0,0,0
0,0,0,0,0,0,0
0,0,0,0,0,0,0
8.8,2039.9,0,70.912,780.62,21.144,0
0,0,0,0,0,0,0
0,0,0,0,0,0,0
0,0,0,0,0,0,0
0,0,0,0,0,0,0
0,0,0,0,0,0,0
0,0,0,0,0,0,0
0,0,0,0,0,0,0
0,0,0,1.2876,0,0,0
7.708,3228.5,0,96.164,2831.9,19.892,0
0,0,0,0,0,0,0
0,0,0,0,0,0,0
0,0,0,0,0,0,0
0,0,0,0,0,0,0
67.859,4983.9,0,127.17,8295.5,57.985,0
0,0,0,0.0078994,0,0,0
0,0,0,0,0,0,0
0,0,0,0,0,0,0
0,0,0,0,0,0,0
0,0,0,0,0,0,0
0,0,0,0,0,0,0
0,0,0,0,0,0,0
0,0,0,0,0,0,0
0,0,0,0,0,0,0
0,0,0,0,0,0,0
0,0,0,0,0,0,0
0,0,0,5.2193,0,0,0
0,0,0,0,0,0,0
0,0,0,0,0,0,0
0,0,0,0,0,0,0
0,0,0,0,0,0,0
0,0,0,0,0,0,0
0,0,0,0,0,0,0
0,0,0,0,0,0,0
0,0,0,0,0,0,0
0,0,0,0,0,0,0
0,0,0,0,0,0,0
0,0.18744,0,0.00093647,0.0081617,0.013982,0
0,0,0,0,0,0,0
0,0,0,0,0,0,0
0,0,0,0,0,0,0
0,0,0,0,0,0,0
0,0,0,0,0,0,0
0,0,0,0,0,0,0
0,0,0,0,0,0,0
0,0,0,0,0,0,0
0,0,0,0,0,0,0
0,45.25,0,41.916,5.0877,43.884,0
0,0,0,0,0,0,0
0,0,0,0,0,0,0
0,0,0,0,0,0,0
0,0,0,0,0,0,0
0,0,0,0,0,0,0
0,0,0,0,0,0,0
0,0,0,0,0,3.5449,0
0,0,0,0,0,0,0
0,0,0,0,0,0,0
76.861,2362,0,150.07,3363.3,54.921,0
0,0,0,0,0,0,0
0,0,0,0,0,0,0
0,58.265,0,2.8385,16.037,12.675,0
54.089,0.45988,0,0.017432,0.044057,0.003202,0
0,124.04,0,0.51064,81.18,2.52,0
0,0,0,0,0,0,0
104.4,0,0,0,0,0,0
0,0,0,0,0,0,0
38.741,2343.4,0,539.14,7614.1,149.38,0
9.1871,762.92,0,215.82,2593.1,18.988,0
0,81.487,0,1.5266,91.352,1.187,0
11.615,3536,0,136.51,7620.5,19.246,0
0,0,0,0,0,0,0
0,0,0,0,0,0,0
0,0,0,0,0,0,0
0,3046.2,0,290.07,1853.7,41.587,0
0,6560.9,0,445.71,6390.8,117.37,0
0,0,0,0,0,0,0
0,0,0,0,0,0,0
0,14.138,0,0.92758,5.4869,12.806,0
0,0,0,0,0,0,0
0,0,0,0,0,0,0
0,0,0,0,0,0,0
0,0,0,0,0,0,0
0,0,0,0,0,0,0
0,0,0,0,0,0,0
0,0,0,0,0,0,0
0,0,0,0,0,0,0
0,0,0,0,0,0,0
0,0,0,0,0,0,0
0,0,0,0,0,0,0
0,0,0,0,0,0,0
0,0,0,0,0,0,0
0,0,0,0,0,0,0
0,0,0,0,0,0,0
0,0,0,0,0,0,0
0,0,0,0,0,0,0
0,1501.8,0,12.608,121.48,58.458,0
0,0,0,0,0,0,0
145.42,2258.7,0,587.4,3108.6,127.11,0
0,0,0,0,0,0,0
0,0,0,0,0,0,0
0,0,0,0,0,0,0
0,0,0,0,0,0,0
0,0,0,0,0,0,0
0,0,0,0,0,0,0
5.77,267.1,0,0.050266,68.784,2.4383,0
4.1178,265.57,0,22.967,51.338,10.321,0
0,0,0,0,0,0,0
0,0,0,0,0,0,0
0,0,0,0,0,0,0
0,0,0,0,0,0,0
0,0,0,0,0,0,0
0,0,0,0,0,0,0
0,0,0,0,0,0,0
0,3554.1,0,384.22,4927.4,451.83,0
0,0,0,0,0,0,0
0,0,0,0,0,0,0
0.78906,0,0,0,0,0,0
0,0,0,0,0,0,0
0,3944.8,0,402.99,3473.8,35.93,0
0,1117.1,0,10.992,7.5494,11.689,0
0,0,0,0,0,0,0
479.98,5355.6,0,603.94,5542.8,53.019,0
0,0,0,0,0,0,0
0,0,0,0,0,0,0
0,0,0,0,0,0,0
0,0,0,0,0,0,0
0,0,0,0,0,0,0
0,0,0,0,0,0,0
0,0,0,0,0,0,0
0,297.58,0,0.97969,0.042389,10.83,0
0,0,0,0,0,0,0
0,0,0,0,0,0,0
0,0,0,0,0,0,0
0,0,0,0,0,0,0
0,0,0,0,0,0,0
0,0,0,0,0,0,0
0,0,0,0,0,0,0
0,0,0,0,0,0,0
0,0,0,0,0,0,0
0,0,0,0,0,0,0
0,0,0,0,0,0,0
0,0,0,0,0,0,0
0,0,0,0,0,0,0
0,0,0,0.00041405,0,0.076333,0
0,0,0,0,0,0,0
0,0,0,0,0,0,0
0,0,0,1.9497,0,0.24168,0
0,0,0,0,0,0,0
0,0,0,0,0,0,0
0,0,0,0,0,0,0
0,0,0,0,0,0,0
0,0,0,0,0,0,0
0,0,0,0,0,0,0
0,0,0,0,0,0,0
0,0,0,0,0,0,0
0,0,0,0,0,0,0
0,0,0,0,0,0,0
0,0,0,0,0,0,0
0,0,0,0,0,0,0
0,0,0,0,0,0,0
52.522,6471.6,0,68.038,14815,228.89,0
0,0,0,0,0,0,0
0,0,0,0,0,0,0
0,0,0,0,0,0,0
0,0,0,0,0,0,0
0,0,0,0,0,0,0
0,2.6771,0,0.010021,0.018909,31.893,0
0,0,0,0,0,0,0
0,0,0,0.28547,0,4.8867,0
0,0,0,0,0,0,0
0,0,0,0,0,0,0
0,0,0,0,0,0,0
0,0,0,0,0,0,0
4.2,40.649,0,1.1911,0.32728,5.6289,0
0,0,0,0,0,0,0
0,0,0,0,0,0,0
0,0,0,0,0,0,0
0,0,0,0,0,0,0
0,0,0,0,0,0,0
0,0,0,0,0,0,0
0,0,0,0,0,0,0
0,0,0,0,0,0,0
1.9314,2354.7,0,150.03,5727.7,18.017,0
0,0,0,0,0,0,0
0,1735.5,0,115.22,2861.9,28.899,0
0,0,0,0,0,0,0
101.04,2484.7,0,107.77,8034.5,13.43,0
0,0,0,0,0,0,0
0,0,0,0,0,0,0
0,0,0,0,0,0,0
0,0,0,0,0,0,0
0,0,0,0,0,0,0
0,384.53,0,47.493,45.038,87.528,0
0,0,0,0,0,0,0
0,0,0,0,0,0,0
0,0,0,0,0,0,0
0,0,0,0,0,0,0
0,0,0,0,0,0,0
5.2141,1055,0,60.438,350.26,217.43,0
0,0,0,0,0,0,0
0,0,0,0,0,0,0
0,0,0,0,0,0,0
0,0,0,0,0,0,0
0,0,0,0,0,0,0
0,0,0,0,0,0,0
0,0,0,0,0,0,0
0,0,0,0,0,0,0
0,0,0,0,0,0,0
0,0,0,0,0,0,0
0,0,0,0.0098336,0,0.06326,0
0,0,0,0,0,0,0
0,0,0,0,0,0,0
0,0,0,0,0,0,0
0,0,0,0,0,0,0
0,0,0,0,0,0,0
0,0,0,0,0,0,0
0,0,0,0,0,0,0
0,0,0,0,0,0,0
0,0,0,0,0,0,0
0,0,0,0,0,0,0
0,0,0,0,0,0,0
0,0,0,0,0,0,0
0,0,0,0,0,0,0
0,0,0,0,0,0,0
0,0,0,0,0,0,0
0,0,0,0,0,0,0
0,0,0,0,0,0,0
0,0,0,0,0,0,0
0,0,0,0,0,0,0
0,0,0,0,0,0,0
0,0,0,0,0,0,0
64.023,1051.6,0,0.024335,237.96,66.614,0
0,0,0,0,0,0,0
0,0,0,0,0,0,0
0,0,0,0,0,0,0
0,0,0,0,0,0,0
0,0,0,0,0,0,0
0,0,0,0.0051805,0,0.044116,0
0,0,0,0,0,0,0
0,0,0,0.004456,0,26.433,0
0,0,0,0,0,0,0
0,0,0,0,0,0,0
0,0,0,0,0,0,0
0,0,0,0,0,0,0
0,0,0,0,0,0,0
0,0,0,0,0,0,0
0,0,0,0,0,0,0
0,0,0,0,0,0,0
0,0,0,0,0,0,0
0,0,0,0,0,0,0
0,0,0,0,0,0,0
0,0,0,0,0,0,0
0,0,0,3.6014e-07,0,0.068178,0
0,0,0,0,0,0,0
0,0,0,0,0,0,0
0,0,0,0,0,0,0
383.41,0,0,24.983,0,0,0
0,0,0,0,0,0,0
0,0,0,0,0,0,0
0,0.31029,0,0.072819,0,0,0
0,0,0,0,0,0,0
0,0,0,0,0,0,0
0,0,0,0,0,0,0
0,0,0,0,0,0,0
0,0,0,0,0,0,0
0,0,0,0,0,0,0
0,0,0,0,0,0,0
0,0,0,0,0,0,0
0,0,0,0,0,0,0
0,0,0,0,0,0,0
0,0,0,0,0,0,0
0,0,0,0.3236,0,0,0
0,0,0,0,0,0,0
0,0,0,0,0,0,0
0,0,0,0,0,0,0
0,0,0,0,0,0,0
0,0,0,0,0,0.026713,0
0,0,0,0,0,0,0
0,0,0,0,0,0,0
0,0,0,0,0,0,0
0,0,0,0,0,0,0
0,0,0,0,0,0,0
0,0,0,0,0,0,0
0,0,0,0,0,0,0
0,0,0,0,0,0,0
0,0,0,0,0,0,0
0,1567.6,0,289.91,316.42,289.96,0
0,0,0,0,0,0,0
0,0,0,0,0,0,0
0,0,0,0,0,0,0
0,0,0,0,0,0,0
0,0,0,0,0,0,0
0,0,0,0,0,0,0
0,0,0,0,0,0,0
0,0,0,0,0,0,0
0,0,0,0,0,1.0329,0
0,0,0,0,0,0,0
0,0,0,0,0,0,0
0,0,0,0,0,0,0
0,0,0,0,0,0,0
0,0,0,0,0,0,0
0,0,0,0,0,0,0
0,0,0,0,0,0,0
0,0,0,0,0,0,0
0,0,0,0,0,0,0
0,0,0,0,0,0,0
0,0,0,0,0,0,0
0,0,0,0,0,0,0
0,0,0,0,0,0,0
0,0,0,0.062707,0,0,0
0,0,0,0,0,135.89,0
0,0,0,0,0,0,0
0,0,0,0,0,0,0
0,0,0,0,0,0,0
0,0,0,0,0,0,0
0,0,0,0,0,0,0
0,0,0,0,0,0,0
0,0,0,0,0,0,0
0,0,0,0,0,0,0
0,0,0,0,0,0,0
0,0,0,0,0,0,0
0,0,0,0,0,0,0
0,0,0,0,0,0,0
0,0,0,0,0,0,0
0,0,0,0,0,0,0
0,0,0,0,0,0,0
0,0,0,0,0,0,0
0,0,0,0,0,0,0
0,0,0,0,0,0,0
0,998.59,0,43.886,47.534,98.888,0
0,0,0,0,0,0,0
0,0,0,0,0,0,0
0,0,0,0,0,0,0
0,0,0,0,0,0,0
0,0,0,0,0,0,0
0,0,0,0,0,0,0
0,0,0,0,0,0,0
0,0,0,0,0,0,0
0,0,0,0,0,0,0
0,0,0,0,0,0,0
0,0,0,0,0,0,0
0,0,0,0,0,0,0
0,0,0,0.13696,0,0,0
0,0,0,0,0,0,0
0,0,0,0,0,0,0
0,0,0,0,0,0,0
0,0,0,0,0,0,0
0,0,0,0,0,0,0
0,0,0,0.4314,0,0,0
5.2057e-05,22.241,0,19.077,5.0817,41.21,0
0,0,0,0,0,0.24887,0
0,0,0,0,0,0,0
0,0,0,0,0.0019396,0,0
0,0,0,0,0,0,0
3.3082,5404,0,688,14939,34.455,0
0,0,0,0,0,0,0
0,0,0,0,0,0,0
0,0,0,0,0,0,0
0,0,0,0,0,0,0
0,0,0,0,0,0,0
0,0,0,0.071423,0,16.079,0
0,0,0,0,0,0,0
0,0,0,0,0,0,0
0,0,0,0,0,0.0014315,0
0,0,0,0,0,0,0
0,0,0,0,0,0,0
0,0,0,0,0,0,0
0,0,0,0,0,0,0
0,0,0,0,0,0,0
0,0,0,0,0,0,0
0,5.1581,0,2.9794,0,2.6458,0
0,0,0,0,0,0,0
0,0,0,0,0,0,0
0,0,0,0,0,0,0
0,0,0,0,0,0,0
0,0,0,0,0,0,0
0,0,0,0,0,0,0
0,0,0,0,0,0,0
0,0,0,0,0,0,0
0,0,0,0,0,0,0
0,0,0,0,0,0,0
0,0,0,0,0,0.11422,0
0,0,0,0,0,0,0
0,0,0,0.28834,0,2.3456,0
0,0,0,0.042637,0,0,0
0,0,0,0,0,0,0
0,0,0,0,0,0,0
0.1656,3031.1,0,222.62,10475,6.7814,0
0,0,0,0,0,0,0
0,0,0,0,0,0,0
0,1668,0,91.629,119.04,52.117,0
0,0,0,0.44638,0,0.034816,0
0,0,0,0,0,0,0
0,0,0,2.1913,0,0,0
0,0,0,0,0,3.1258,0
0,0,0,0,0,1.4538,0
5.8992,3135.1,0,113.07,12121,12.641,0
0,0,0,0,0,3.3906,0
0.92787,3237.8,0,329.57,6974.8,91.236,0
0,0,0,0,0,0,0
0,0,0,0,0,0,0
0,0,0,0,0,0,0
0,0,0,0,0,0,0
0,0,0,0,0,0,0
0,0,0,0,0,0,0
0,0,0,0,0,0,0
0,0,0,0,0,0,0
0.041419,374.76,0,31.729,733.79,9.3089,0
0,0,0,0,0,0,0
0,0,0,0,0,0,0
0,0,0,0.42738,0,0.020562,0
0,0,0,4.5218,0,0,0
0,0,0,0,0,0,0
0,0,0,0,0,0,0
0,0,0,0,0,0,0
0,0,0,0,0,0,0
0.69743,1045.7,0,258.07,3727.9,81.076,0
0,0,0,0.94165,0,0.044477,0
0,0,0,0,0,0,0
0,0,0,0,0,5.0128,0
0,0,0,0,0,2.3841,0
0,0,0,0.34487,0,0,0
0.0011169,496.48,0,4.3454,823.36,10.558,0
0,0,0,0,0,0,0
0,0,0,0,0,0,0
0,0,0,0.030499,0,0,0
0,0,0,0,0,0,0
0,0,0,0,0,0,0
0,0,0,0,0,0,0
0,0,0,0,0,0,0
0.47625,1431.9,0,86.241,2947.5,9.9458,0
0,0,0,0,0,0,0
0,0,0,0,0,0,0
0,0,0,0,0,0,0
0,0,0,0,0,0,0
0,0,0,0,0,0,0
0,0,0,0,0,0.73959,0
0.87645,2088.1,0,78.204,7559.4,20.234,0
1.8281,2888.8,0,5.632,2533.3,14.292,0
0,0,0,0,0,0,0
0,0,0,0,0,0,0
0,0,0,0,0,0,0
0,0,0,0,0,0,0
0,0,0,0,0,0,0
0,0,0,0,0,0,0
0,0,0,0,0,0,0
0,0,0,0,0,0,0
0,0,0,0,0,0,0
0,0,0,0,0,0,0
0,0,0,0,0,0,0
0,0,0,0,0,0,0
0,0,0,0,0,0,0
0,0,0,0,0,0,0
0,0,0,0,0,0,0
0,0,0,0,0,0,0
0,0,0,0,0,0,0
0,0,0,0,0,0,0
0,0,0,0,0,0,0
0,0,0,0,0,0,0
0,0,0,0,0,0,0
0,0,0,0,0,0,0
0,0,0,0,0,0,0
0.31225,12.888,0,1.0133,0.083569,0.096331,0
0,0,0,0,0,0,0
0,0,0,0,0,0,0
0,0,0,0,0,0,0
0,0,0,0,0,0,0
0,0,0,0,0,0,0
0,0,0,0,0,0,0
0,0,0,0,0,0,0
0,0,0,0,0,0,0
0,0,0,0,0,0,0
0,0,0,0,0,0,0
0,0,0,0,0,0,0
0,0,0,0,0,0,0
0,0,0,0,0,0,0
0,0,0,0,0,0,0
0,0,0,0,0,0,0
0,0,0,0,0,0,0
0,0,0,3.1173e-06,0,0.0038696,0
0,0,0,0,0,0,0
0,0,0,0,0,0,0
0,0,0,0,0,0,0
0,0,0,0,0,0,0
0,0,0,0,0,0,0
0.19497,1264.2,0,328.04,3417.3,50.284,0
0,0,0,0,0,0,0
0,0,0,0,0,0,0
0,0,0,0,0,0,0
1.4017,2823.5,0,460.65,4820.1,17.734,0
0,0,0,0,0,0,0
0,0,0,0,0,0,0
0.0010876,21.56,0,0.42458,68.047,0.043243,0
0,0,0,0,0,0,0
0,0,0,0,0,0,0
0.41,2449.8,0,725.06,13087,26.877,0
0,0,0,0,0,0,0
0,0,0,0,0,0,0
0,0,0,0,0,0,0
0,0,0,0,0,0,0
0,0,0,0,0,0,0
0,0,0,0,0,0,0
0,0,0,0,0,0,0
0.048319,3626.4,0,1442.8,27328,26.331,0
0.0044118,373.62,0,33.452,1362.3,1.5701,0
1.7857,0,0,0.33832,0,0.26083,0
0,0,0,0,0,0,0
0,0,0,0,0,0,0
0,0,0,0,0,0,0
0,0,0,0,0,0,0
0,0,0,0,0,0,0
0.00673,1.6218,0,0.029823,0.0070798,0.086733,0
0,0,0,0,0,0,0
0,0,0,0,0,0,0
0,0,0,0,0,0,0
0,0,0,0,0,0,0
0,0,0,0,0,0,0
0,0.0078771,0,2.5514e-05,0.0032264,0.00017671,0
0,0,0,0,0,0,0
0,0,0,0,0,0,0
0,0,0,0,0,0,0
0,0,0,0,0,0,0
0,0,0,0,0,0,0
0,0,0,0,0,0,0
0,0,0,6.817,0,0,0
0,0,0,0,0,0,0
0,0,0,0,0,0,0
0.21908,233.5,0,382.72,1744.5,28.276,0
0,0,0,0,0,0,0
0.2733,825.63,0,720.71,8672.8,7.9482,0
0,0,0,0,0,0,0
0,0,0,0,0,0,0
0,0,0,0,0,0,0
0,0,0,0,0,0,0
0,0,0,0,0,0,0
0.25773,10.136,0,28.059,0.057124,3.7185,0
0,0,0,0,0,0.041284,0
0,0,0,0,0,0,0
0,0,0,0,0,0,0
0.079418,73.805,0,2.3151,118.48,0.95295,0
0,0,0,0,0,0,0
0,0,0,0,0,0,0
0,0,0,0,0,0,0
0,0,0,0,0,0,0
0,0,0,0,0,0,0
0,0,0,0,0,0,0
0,0.21059,0,0.0025037,0.089712,0.018762,0
0,0,0,0,0,0,0
0,0,0,0,0,0,0
4.523,1795.4,0,66.384,1752.1,66.066,0
0,0,0,0,0,0,0
0,0,0,0,0,0,0
0,0,0,0,0,0,0
0,0,0,0,0,0,0
0,0,0,0,0,0,0
31.098,4132.4,0,644.95,7711,26.91,0
0,0,0,0,0,0,0
0,0,0,0,0,0,0
0,0,0,0,0,0,0
0,0,0,0,0,0,0
0,0,0,0,0,0,0
7.2846,1165,0,690.18,4523,49.894,0
0,0,0,0,0,0,0
0,0,0,0,0,0,0
0,0,0,0,0,0,0
0,0,0,0,0,0,0
0,0,0,0,0,0,0
0,0,0,0,0,0,0
0,0,0,0,0,0,0
0,0,0,0,0,0,0
0,0,0,0,0,0,0
0,0,0,0,0,0,0
0,0,0,0,0,0,0
0,0,0,0,0,0,0
0,0,0,0,0,0,0
0,0,0,0,0,0,0
0,0,0,0,0,0,0
0,0,0,0,0,0,0
0,0,0,0,0,0,0
0,0,0,0,0,0,0
0,0,0,0,0,0,0
0,0,0,0,0,0,0
0,0,0,0,0,0,0
0,0,0,0,0,0,0
0,0,0,0,0,0,0
0,0,0,0,0,0,0
0,0,0,0,0,0,0
0,0,0,0,0,0,0
0,0,0,0,0,0,0
28.718,1155.4,0,0.40623,1154.2,8.7766,0
0,0,0,0.0016028,0,0.020389,0
0,0,0,0,0,0,0
0,0,0,0,0,0,0
0,0,0,0,0,0,0
0,0,0,0,0,0,0
0,0.63733,0,0.027092,0.016914,0.026363,0
1.8742,1594.5,0,44.931,5068,14.691,0
0,0,0,0,0,0,0
0,0,0,0,0,0,0
0,0,0,0,0,0,0
0,0,0,0,0,0,0
0,0,0,0,0,0,0
3.6969,2088.4,0,39.152,7470.7,21.826,0
0,0,0,0,0,0,0
0,0,0,0,0,0,0
0,0,0,0,0,0,0
0,0,0,0,0,0,0
0,0,0,0,0,0,0
0,0,0,0,0,0,0
0,0.77593,0,0.083931,0.0085058,0.093985,0
3.4089,866.75,0,22.295,3.4219,0.087205,0
0,0,0,0,0,0,0
0,0,0,0,0,0,0
0,0,0,0,0,0,0
10.057,2812.1,0,73.613,5148.3,53.709,0
0,0,0,0,0,0,0
0,0,0,0,0,0,0
0,1685.8,0,241.89,4265.7,16.54,0
0,0,0,0,0,0,0
0,0,0,0,0,0,0
0,0,0,0,0,0,0
0,0,0,0,0,0,0
0,0,0,0.58157,0,0.064091,0
0,0,0,0,0,0,0
0,0,0,0,0,0,0
0,0,0,0,0,0,0
0,0,0,0,0,0,0
0,0,0,0,0,0,0
0,0,0,0,0,0,0
41.263,2385.5,0,184.48,9741.2,32.215,0
0,0,0,0,0,0,0
0,0,0,0,0,0,0
0.010259,107.53,0,0.15817,1.9847,0.16385,0
0,0,0,0,0,0,0
0,0,0,0.032181,0,0,0
0,0,0,0,0,0,0
0,0,0,0,0,0,0
0,0,0,0,0,0,0
0,0,0,0,0,0,0
0,0,0,0,0,0,0
0,0,0,0,0,0,0
0,0,0,0,0,0,0
0,0,0,0,0,0,0
0,0,0,0,0,0,0
0,0,0,0,0,0,0
0,0,0,0,0,0,0
0,0,0,0,0,0,0
0,0,0,0,0,0,0
0,0,0,0,0,0,0
0,0,0,0,0,0,0
0,0,0,0,0,0,0
0,0,0,0,0,0,0
0,0,0,0.071099,0,0,0
0,0,0,0,0,0,0
2.5121,2168.1,0,400.64,1309.5,15.21,0
0,0,0,0,0,0,0
0,0,0,0,0,0,0
0,0,0,0,0,0,0
0,0,0,0,0,0,0
0,0,0,14.629,0,0,0
0,0,0,0,0,0,0
0,0,0,0,0,0,0
0,0,0,0,0,0,0
0,0,0,0,0,0,0
0,0,0,0,0,0,0
0,0,0,0,0,0,0
0,0,0,0,0,0,0
0,0,0,0,0,0,0
0,0,0,0,0,0,0
0,0,0,0,0,0,0
0,0,0,0,0,0,0
0,0,0,0,0,0,0
0,0,0,0,0,0,0
0,0,0,0,0,0,0
0,0,0,0,0,0,0
0,0,0,0,0,0,0
0,0,0,0,0,0,0
0,0,0,0,0,0,0
0,0,0,0,0,0,0
0,0,0,0,0,0,0
0,0,0,0,0,0,0
0,0,0,0,0,0,0
0,0,0,0,0,0,0
0,0,0,0,0,0,0
0,0,0,0,0,0,0
0,0,0,0,0,0,0
0,0,0,0,0,0,0
0,0,0,0,0,0,0
0,0,0,0,0,0,0
0,0,0,0,0,0,0
0,0,0,0,0,0,0
0,0,0,0,0,0,0
0,0,0,0,0,0,0
0,0,0,0,0,0,0
0,0,0,0,0,0,0
0,0,0,0,0,0,0
0,0,0,0,0,0,0
0,0,0,0,0,0,0
0.46135,1811.3,0,10.667,79.107,0.1103,0
0,0,0,0,0,0,0
0,0,0,0,0,0,0
0,0,0,0,0,0,0
0,0,0,0,0,0,0
0,0,0,0,0,0,0
0,0,0,0,0,0,0
0,0,0,0,0,0,0
0,0,0,0,0,0.71879,0
0,0,0,0,0,0,0
0,0,0,0,0,0,0
0,0,0,0,0,0.47634,0
0,0,0,0,0,0,0
0,0,0,0,0,0,0
0,0,0,0,0,0,0
0,0,0,0,0,0,0
0,0,0,0,0,0,0
0,0,0,0,0,0,0
0,0,0,0,0,0,0
0,0,0,0,0,0,0
0,0,0,0,0,0.88164,0
0,0,0,0,0,0,0
0,0,0,0.85326,0,0.30127,0
0,0,0,0,0,0,0
0,0,0,0,0,0,0
0,0,0,0,0,0,0
0,0,0,0,0,0,0
0,0,0,0,0,0,0
0,0,0,0,0,0,0
0,0,0,0,0,0,0
0,0,0,0,0,0,0
0,0,0,0.022591,0,0,0
0,0,0,0,0,0,0
0,0,0,0,0,0,0
0,0,0,0,0,1.0514,0
0,0,0,0,0,0,0
0,0,0,0,0,0,0
0,0,0,0,0,0,0
1.9722,6718.6,0,59.991,9837.1,41.144,0
0,0,0,0,0,0,0
0,0,0,0,0,0,0
0,0,0,0,0,0,0
0,0,0,0,0,0,0
0,0,0,0,0,0,0
0,0,0,0,0,0,0
0,0,0,0,0,0,0
0,0,0,0,0,0,0
0,0,0,0,0,0,0
0,175.43,0,13.285,174.03,1.2494,0
0,0,0,0,0,0,0
0,0,0,0,0,0,0
0,0,0,0,0,0,0
0,0,0,0,0,0,0
0,0,0,0,0,0,0
0,0,0,0,0,0,0
0,0,0,0,0,0,0
0,0,0,0,0,0,0
0,0,0,0,0,0,0
0,0,0,0,0,0,0
0,520.65,0,123.19,7.0838,4.913,0
0,0,0,0,0,0,0
0,0,0,0,0,0,0
0,0,0,0,0,0,0
0,0,0,0,0,0,0
0,0,0,0,0,0,0
0,0,0,0,0,0,0
0,0,0,0,0,0,0
0,0,0,0,0,0,0
0,0,0,1.012,0,12.574,0
0,0,0,0,0,0,0
0,0,0,0,0,0,0
0,0,0,0,0,0,0
0,0,0,0,0,0,0
0,0,0,0,0,0,0
0,0,0,0,0,0,0
0,0,0,0,0,0,0
0,0,0,0,0,0,0
0,0,0,0,0,0,0
0,0,0,0,0,0,0
0,0,0,0,0,0,0
0,0,0,0,0,0,0
0,0,0,0,0,0,0
0,0,0,0,0,0,0
0,0.0015707,0,2.5212e-05,0.0044024,8.3657e-06,0
2.4664,6243.5,0,2045.9,9083.6,65.485,0
0,0,0,0,0,2.5587,0
0,0,0,0,0,0,0
0,0,0,0,0,0,0
0,0,0,0,0,0,0
0,0,0,0,0,0,0
0,0,0,0,0,0,0
0,0,0,0,0,0,0
0,0,0,0,0,0,0
0,0,0,0,0,0,0
0,13.216,0,0.051034,0,54.456,0
0,0,0,0,0,0,0
0,0,0,0,0,0,0
0,0,0,0,0,0,0
0,0,0,0,0,0,0
0,0,0,0,0,0,0
0,0,0,0,0,0,0
0,0,0,0,0,0,0
0,0,0,0,0,0,0
0,0,0,0,0,0,0
0,0,0,0,0,0,0
0,0,0,0,0,0,0
0,0,0,0,0,0,0
0,0,0,0,0,0,0
0,0,0,0,0,0,0
0,0,0,0,0,0,0
0,0,0,0,0,0,0
0,0,0,0,0,0,0
0,0,0,0,0,0,0
0,0,0,0,0,0,0
0,0,0,3.2809,0,14.692,0
0,0,0,0,0,0,0
0,0,0,0,0,0,0
0,0,0,0,0,29.416,0
0,0,0,0,0,0,0
0,0,0,0,0,0,0
0,0,0,0,0,0,0
0,0,0,0,0,0,0
0,242.27,0,10.81,88.998,2.3494,0
0,0,0,0,0,0,0
0,0,0,0,0,0,0
0,0,0,0,0,0,0
0,0,0,0,0,0,0
3.2559,866.56,0,184.99,9380.7,5.1063,0
0,0,0,0,0,0,0
0,0,0,0,0,0,0
0,0,0,0,0,0,0
0,0,0,0,0,0,0
0,0,0,0,0,0,0
0,0,0,0,0,0,0
0,292.94,0,88.954,210.35,0.73278,0
0,0,0,0,0,0,0
0,0,0,0,0,0,0
0,0,0,0,0,0,0
11.9,4825.3,0,2026.2,22935,19.765,0
0,0,0,0,0,0,0
0,0,0,0,0,0,0
0,0,0,0,0,0,0
0,0,0,0,0,0,0
0,0,0,0,0,0,0
0,0,0,0,0,0,0
0,0,0,0,0,0,0
0,0,0,0,0,0,0
0,0,0,0,0,0,0
0,0,0,0,0,0,0
0,0,0,0,0,0,0
0,0,0,0,0,0,0
0,0,0,0,0,0,0
0,0,0,6.2215,0,0,0
0,0,0,0,0,0,0
0,0,0,0,0,0,0
45.29,9806,0,959.46,12036,74.15,0
0,0,0,0,0,0,0
0,0,0,0,0,0,0
0,0,0,0,0,0,0
0,0,0,0,0,0,0
0,0,0,0,0,0,0
0,0,0,0,0,0,0
0,0,0,0,0,0,0
0,0,0,0,0,0,0
0,0,0,0,0,0,0
0,0,0,0,0,0,0
0,0,0,0,0,0,0
0,0,0,0,0,0,0
0,1306.7,0,32.649,5593,65.152,0
0,0,0,0,0,0,0
0,0,0,0,0,0,0
0,0,0,0,0,0,0
0,0,0,0,0,0,0
0,0,0,0,0,0,0
125.13,1810.6,0,707.82,2813.8,68.828,0
0,229.61,0,54.075,0,33.078,0
0,0,0,0,0,0,0
0,0,0,0,0,0,0
0.0040201,490.18,0,245.87,8051.1,19.291,0
0,0,0,0,0,0,0
0,0,0,0,0,0,0
0,0,0,0,0,0,0
106.03,512.46,0,80.495,247.95,19.109,0
34.214,904.05,0,287.44,42.697,121.07,0
0,0,0,0,0,0,0
0,0,0,0,0,0,0
0,0,0,0,0,0,0
0,0,0,0,0,0,0
0,0,0,0,0,0,0
0,0,0,0,0,0,0
0,0,0,0,0,0,0
0,0,0,0,0,0,0
17.896,553.74,0,257.91,1947.7,56.88,0
0,0,0,0,0,0,0
0,0,0,1.2564,0,0,0
0,0,0,0,0,0,0
0,27.876,0,0,14.546,41.749,0
0,0,0,0,0,0,0
21.154,5525.5,0,203.19,7959.9,47.471,0
0,0,0,0,0,0,0
0,0,0,0,0,0,0
0,0,0,0,0,0,0
0,0,0,0,0,0,0
0,8.6447,0,2.2386,0,10.307,0
0,0,0,0,0,0,0
0,89.316,0,7.2006,0.57549,2.5835,0
0,0,0,0,0,0,0
0,0,0,0,0,0,0
0,0,0,0,0,0,0
0,523.87,0,645.2,8058.4,64.742,0
0,0,0,0,0,0,0
0,0,0,0,0,0,0
0,0,0,0,0,0,0
0,0,0,0,0,0,0
0,0,0,0,0,0,0
0,0,0,0,0,0,0
0,0,0,0,0,0,0
0,287.14,0,119.88,756.43,61.704,0
0,0,0,0,0,0,0
0,0,0,0,0,0,0
0,0,0,0,0,0,0
0,0,0,0,0,0,0
0,0,0,0,0,0,0
0,0.46486,0,0,0,0,0
0,0,0,0.00084919,0,0,0
0.057024,209.33,0,17.468,1133.2,22.089,0
13.417,649.81,0,87.047,1083.4,18.593,0
1.2514,505.49,0,6.5012,408.41,68.511,0
0,0,0,4.392,0,3.8239,0
0,0,0,0,0,0,0
0,0,0,0,0,0,0
10.585,1588.7,0,279.64,711.82,52.072,0
21.408,876.19,0,94.734,1669.9,86.157,0
0,5.5568,0,5.5978,5.3295,0.7821,0
0,0,0,0,0,0,0
107.84,2277.1,0,259.38,1808.6,120.03,0
0,0,0,0,0,0,0
0,617.65,0,108.72,347.02,31.759,0
0.0020276,0.59839,0,0.30105,1.021,0.47862,0
0.6672,255.79,0,0.27609,726.33,0.064809,0
0,1274.5,0,38.018,152.02,42.338,0
7.4054,5428.1,0,594.52,24424,26.211,0
0,0,0,0,0,0,0
0,0,0,0,0,0,0
0,3704.2,0,53.135,21.789,10.162,0
0,0,0,0,0,0,0
0,0,0,1.6244,0,0,0
0,0,0,0,0,0,0
0,1929.6,0,2.9607,219.14,0.18126,0
0,0,0,0,0,0,0
0,0,0,0,0,0,0
0,0,0,0,0,0,0
0,0,0,0,0,0,0
0,854.3,0,1.4107,67.768,0.35495,0
11.49,0,0,0,0,0,0
0,0,0,0,0,0,0
0,0,0,0,0,0,0
0,0,0,0,0,0,0
0,0.43085,0,0.060876,0.11028,0.018029,0
0,0,0,0,0,0,0
0,0,0,0,0,0,0
0,0,0,0,0,0,0
0,1214.9,0,30.35,70.62,7.2967,0
0,0,0,0,0,0,0
0,0,0,0,0,0,0
13.073,473.6,0,54.099,1740.2,3.0769,0
0,0,0,0,0,0,0
20.308,1122.3,0,61.972,289.91,13.053,0
0,0,0,0,0,0,0
1.003,625.11,0,110.66,3194.7,9.4498,0
0,12.039,0,15.899,3.839,2.8822,0
5.1581,172.39,0,63.591,220.88,6.0087,0
0,0,0,0,0,0,0
0.44223,48.45,0,15.413,136.59,0.057622,0
0.12541,1348.9,0,6.9252,361.39,9.8296,0
16.852,1810.4,0,60.632,278.6,45.892,0
0,0,0,0,0,0,0
0,0,0,0,0,0,0
0,0,0,0,0,0,0
0,0,0,0,0,0,0
3.0992,4669.4,0,34.845,8946,6.4576,0
0,0,0,0,0,0,0
0,0,0,0,0,0,0
0,0,0,0,0,0,0
0,0,0,0,0,0,0
0.42935,161.5,0,3010.5,97.163,35.423,0
0,0,0,0,0,0,0
0,0,0,0,0,0,0
0,0,0,0,0,0,0
0,0,0,0,0,0,0
0,0,0,0,0,0,0
6.0761,2332.2,0,39.396,2509,3.8358,0
0,0,0,0,0,0,0
0,0,0,0,0,0,0
0,0,0,0,0,0,0
0,0,0,0,0,0,0
0,0,0,0,0,0,0
0,2715,0,502.36,2823.7,114.45,0
115.71,1213.4,0,98.09,84.96,36.001,0
0,0,0,0,0,0,0
0,0,0,0,0,0,0
0,0,0,0,0,0,0
0,0,0,0,0,0,0
0,0,0,0,0,0,0
0,0,0,0,0,0,0
0,0,0,0,0,0,0
0,0,0,0,0,0,0
0,0,0,0,0,0,0
0.60122,985.8,0,41.207,2013.2,2.9576,0
0.08491,633.55,0,6.2449,2592.9,5.0899,0
0,0,0,0,0,0,0
0,0,0,0,0,0,0
0,0,0,0,0,0,0
0,0,0,0,0,0,0
0,0,0,0.21934,0,14.822,0
0,0,0,0,0,0,0
0,0,0,0,0,0,0
0.35272,346.34,0,3.3695,11.55,19.975,0
0,0,0,0,0,0,0
0,0,0,0,0,0,0
0,0,0,0,0,0,0
0,0,0,0,0,0,0
0,0,0,0,0,0.58394,0
0,0,0,0,0,0,0
0,0,0,0,0,0,0
0,0,0,0,0,0,0
0,0,0,0,0,0,0
0,0,0,0,0,0,0
0.75681,7653.4,0,45.117,14283,55.505,0
0,0,0,0,0,0,0
0,0,0,0,0,0,0
0,0,0,0,0,0,0
0,0,0,0,0,0,0
0,0,0,0,0,0,0
21.632,5883.7,0,484.46,16606,2552.1,0
0,0,0,0,0,0,0
0,5.4756,0,0.03735,0.00083461,0.21772,0
0.41421,657.24,0,96.189,115.75,85.618,0
0,0,0,0,0,0,0
0,0,0,0,0,0,0
0,0,0,0,0,0,0
0,0,0,0,0,0,0
0,0,0,0,0,0,0
0,0,0,0,0,0,0
0,0,0,0,0,0,0
0,51.914,0,0.0085902,0.0047002,1.3771,0
0.38421,946.4,0,35.171,1677.6,4.2752,0
0,0,0,70.577,0,0,0
0,0,0,0,0,0,0
0,0,0,0,0,0,0
0.28026,503.46,0,84.035,1272.1,15.92,0
0,0,0,0,0,0,0
0,0,0,0,0,0,0
0,0,0,0,0,0,0
0,3.4182,0,0,0,0,0
0,0,0,0,0,0,0
0,0,0,0,0,0,0
0,0,0,0.00060343,0,0,0
58.657,6588.3,0,523.28,20780,927.18,0
0,0,0,0,0,0,0
0,0,0,0,0,0,0
0,0,0,0,0,0,0
0,0,0,0,0,0,0
0,0,0,0,0,0,0
0,0,0,0,0,0,0
0,0,0,0,0,0,0
0,0,0,0,0,0,0
0,0,0,0,0,0,0
16.253,1156.3,0,247.45,178.72,59.031,0
0,0,0,0,0,0,0
0,0,0,0,0,0,0
0,0,0,0,0,0,0
0,0,0,0,0,0,0
0,0.46616,0,0.025991,0.47398,0.010633,0
0,0,0,0,0,0,0
0,0,0,0,0,0,0
0,0,0,0,0,0,0
0,0,0,0,0,0,0
7.7721,256.52,0,78.393,258.36,16.907,0
0,0,0,0,0,0,0
0,0,0,0,0,0,0
0,0,0,0,0,0,0
0,0,0,0,0,0,0
0,0,0,0,0,0,0
0,0,0,0,0,0,0
0,0,0,0,0,0,0
1.5128,70.094,0,12.664,1.8706,6.8585,0
0,0,0,0,0,0,0
0,0,0,0,0,0,0
0,0,0,0,0,0,0
0.44843,2462.9,0,227.99,829.58,17.46,0
0,0,0,0,0,0,0
0,0,0,0,0,0,0
0,0,0,0,0,0,0
0,0,0,0,0,0,0
0,0,0,0,0,0,0
0,0,0,0,0,0,0
0,0,0,0,0,0,0
0,0,0,0,0,0,0
0,14.46,0,0.42308,6.6626,0.18836,0
0,0,0,0,0,0,0
0,0,0,0.22166,0.23786,0,0
0,0,0,0,0,0,0
0,0,0,0,0,0,0
0,0,0,0,0,0,0
0,0,0,0,0,0,0
0,0,0,0,0,0,0
0,0,0,0,0,0,0
0,0,0,0,0,0,0
0,0,0,0,0,0,0
0,0,0,0,0,0,0
0,0,0,0,0,0,0
0,0,0,0,0,0,0
0,0,0,0,0,0,0
0.0050147,573.38,0,0.043573,1736.6,3.5108,0
0,0,0,0,0,0,0
0,0,0,0,0,0,0
0,0,0,0,0,0,0
0,0,0,0,0,0,0
0,0,0,0.00013107,0,0,0
0,0,0,0,0,0,0
50.026,219.49,0,57.429,17.926,16.576,0
0,0,0,0,0,0,0
0,0,0,0,0,0,0
0,0,0,0,0,0,0
0,0,0,0,0,0,0
0,0.067809,0,0.0072292,0.01076,0.016037,0
0,0,0,0,0,0,0
7.4438,2515.4,0,441.66,2222.4,33.245,0
0,0,0,0,0,0,0
0.035413,0,0,0.0031803,0,0.011766,0
0,0,0,0,0,0,0
0,0,0,0,0,0,0
0,3.3094,0,0.16753,0.014347,0.21182,0
0,0,0,0,0,0,0
0,0,0,0,0,0,0
0,0,0,0,0,0,0
0,0,0,0,0,0,0
0,0,0,0,0,0,0
0,0,0,0,0,0,0
0,0,0,0,0,0,0
0.030653,0,0,79.119,0,2.5816,0
0,0,0,0,0,0,0
0,0,0,0,0,0,0
0,0,0,0,0,0,0
0,0,0,0,0,0,0
0,0,0,0,0,0,0
0,0,0,0,0,0,0
0,0,0,0,0,0,0
0,0,0,0,0,0,0
0,0,0,0,0,0,0
0,0,0,0,0,0,0
0,0,0,0,0,0,0
0,0,0,0,0,0,0
0,0,0,0,0,0,0
0,0,0,0,0,0,0
90.65,2534,0,121.59,1564.3,42.48,0
0,0,0,0,0,0,0
0,0,0,0,0,0,0
0,0,0,0,0,0,0
0,40.719,0,13.287,0.72977,0.95381,0
0,0,0,0,0,0,0
0,0,0,0,0,0,0
0,0,0,0,0,0,0
0,0,0,0,0,0,0
0,0,0,0,0,0,0
0,0,0,0,0,0,0
0,0,0,0,0,0,0
0,0,0,0,0,0,0
0,0,0,0,0,0,0
32.621,12944,0,352.78,30470,49.907,0
0,0,0,0,0,0,0
0,0,0,0,0,0,0
0,0,0,0,0,0,0
0,0,0,0,0,0,0
0,0,0,0,0,0,0
0,281.92,0,18.632,30.794,16.645,0
0,0,0,0,0,0,0
0,0,0,0,0,0,0
0,0,0,0,0,0,0
0,0,0,0,0,0,0
0,0,0,0,0,0,0
0,0,0,0,0,0,0
19.68,7010.5,0,5.7952,8240.7,9.6266,0
0,0,0,0,0,0,0
0,0,0,0,0,0,0
0,0,0,0,0,0,0
0,0,0,0,0,0,0
0,0,0,0,0,0,0
0,0,0,0,0,0,0
0,993.53,0,215.4,15.995,8.1771,0
0,0,0,0,0,0,0
0,0,0,0,0,0,0
0,0,0,0,0,0,0
0,0,0,0,0,0,0
0,0,0,0,0,0,0
0,0,0,0,0,0,0
0,0,0,0,0,0,0
0,0,0,0,0,0,0
0,0,0,0,0,0,0
0,0,0,0,0,0,0
0,0,0,0,0,0,0
14.271,1146.5,0,106.48,44.607,47.038,0
0,0,0,0,0,0,0
0,0,0,0,0,0,0
0,0,0,0,0,0,0
0,0,0,0,0,0,0
0,0,0,0,5850.2,0,0
0,0,0,0,0,0,0
0,0,0,0,0,0,0
0,0,0,0,0,0,0
0,0,0,0,0,0,0
0,0,0,0,0,0,0
0,0,0,0,0,0,0
0,0,0,0,0,0,0
0,0,0,0,0,0,0
0,0,0,0,0,0,0
0,0,0,0,0,0,0
0,0,0,0,0,0,0
0,0,0,0,0,0,0
0,0,0,0,0,0,0
0,0,0,0,0,0,0
0,0,0,0.020608,0,0.031876,0
0,0,0,0,0,0,0
0,0,0,0,0,0,0
0,0,0,0,0,0,0
0,0,0,0,0,0,0
0,0,0,0,0,0,0
0,0,0,0,0,0,0
0,0,0,0,0,0,0
0,0,0,0,0,0,0
0,0,0,0,0,0,0
0,0.6668,0,0.0063996,0,0.01241,0
0,0,0,0,0,0,0
0,0,0,0,0,0,0
0,0,0,0,0,0,0
0,0,0,0,0,0,0
0,0,0,0,0,0,0
51.64,410.14,0,5.5135,9949,1.4298,0
0,0,0,0,0,0,0
0,0,0,0,0,0,0
0,0,0,0,0,0,0
0,0,0,0,0,0,0
0,0,0,0,0,0,0
0,0,0,0,0,0,0
0,0,0,0,0,0,0
0,0,0,0,0,0,0
0,0,0,0,0,0,0
0,0,0,0,0,0,0
0,0,0,0,0,0,0
0,0,0,0,0,0,0
0,0,0,0,0,0,0
0.25321,0,0,26.703,0,0,0
0,0,0,0,0,0,0
0,0,0,0,0,0,0
0,0,0,0,0,0,0
0,0,0,0,0,0,0
0,0,0,0,0,0,0
0,0,0,0,0,0,0
0,0,0,0,0,0,0
0,0,0,0,0,0,0
0,0,0,0,0,0,0
0,0,0,0,0,0,0
0,0,0,0,0,0,0
0,0,0,0.0012975,0,0.039592,0
0,0,0,0,0,0,0
0,0,0,0,0,0,0
1.0351,2919.2,0,83.272,5234.3,17.073,0
0,0,0,0,0,0,0
0,0,0,0,0,0,0
0.97,6419,0,223.27,12124,85.591,0
0,0,0,0,0,0,0
0,0,0,0,0,0,0
0,0,0,0,0,0,0
0,0,0,0,0,0,0
0,0,0,0,0,0,0
9.08,2653.3,0,841.11,9746.8,42.684,0
13.098,4686.5,0,174.42,10784,24.925,0
0,2642.2,0,42.733,2957.2,225.9,0
0,0,0,0,0,0,0
0,0,0,0,0,0,0
0,0,0,0,0,0,0
0,0,0,0,0,0,0
0,0,0,0,0,0,0
0,0,0,0,0,0,0
0,0,0,0,0,0,0
0,0,0,0,0,0,0
0,0,0,0,0,0,0
0,0,0,0,0,0,0
0,0,0,0,0,0,0
0,0,0,0,0,0,0
0,0,0,0,0,0,0
0,0,0,0,0,0.28158,0
0,0,0,0,0,0,0
0,0,0,0,0,0,0
0,0,0,0,0,0,0
0,0,0,0,0,0,0
0,0,0,0,0,0,0
0,0,0,0,0,0,0
0,0,0,0,0,0,0
1.2144,0,0,154.08,3235.9,202.95,0
0,0,0,0,0,0,0
0,0,0,0,0,0,0
0,0,0,0,0,0,0
0,0,0,0,0,0,0
0,0,0,0,0,0,0
0,0,0,0,0,0,0
0,0,0,0,0,0,0
0,0,0,0,0,0,0
0,0,0,0,0,0,0
1.8037,6466,0,125.09,13420,647.4,0
0,0,0,0,0,0,0
0,0,0,0,0,0,0
0,0,0,0,0,0,0
0,0,0,0,0,0,0
0,0,0,0,0,0,0
0.037987,9.3194,0,0.72455,2.7927,30.206,0
0,0,0,0,0,0,0
0,3.6923e-05,0,1.0029,8.3193e-06,0,0
0,0,0,0,0,0,0
0,0,0,0.3697,0,0.20969,0
0,0,0,0,0,0,0
0,0,0,0,0,0,0
0,0,0,0,0,0,0
26.334,580.5,0,34.999,139.19,19.488,0
0,0,0,0,0,0,0
0,0,0,0,0,0,0
0,0,0,0,0,0,0
0,2540.4,0,113.64,6531.5,8.1499,0
0,0,0,0,0,0,0
0,0,0,0,0,0,0
0,0,0,0,0,0,0
0,0,0,0,0,0,0
0,0,0,0,0,0,0
0,0,0,0,0,0,0
0,0,0,0,0,0,0
0,0,0,0,0,0,0
0,0,0,0,0,0,0
0,0,0,0,0,0,0
0,0,0,0,0,0,0
0,0,0,0,0,0,0
0,0,0,0,0,0,0
0,0,0,0,0,0,0
0,13.695,0,0.0076432,0.073219,13.166,0
0,0,0,0,0,0,0
0,0,0,0,0,0,0
0,0,0,0,0,0,0
0,0,0,0,0,0,0
0,0,0,0,0,0,0
0,0,0,0,0,0,0
0,0,0,0,0,0,0
0,0,0,0,0,0,0
0,0,0,0,0,0,0
0,0,0,0,0,0,0
0,0,0,0,0,0,0
0,0,0,0,0,0,0
0,0,0,0,0,0,0
0,0,0,0,0,0,0
0,0,0,18.152,0,0,0
0,0,0,0,0,0,0
0,0,0,0,0,0,0
0,0,0,0,0,0,0
0,0,0,0,0,0,0
0,0,0,0,0,0,0
0,0,0,0,0,0,0
0,0,0,0,0,0,0
0,0,0,0,0,0,0
0,0,0,0,0,0,0
0,0,0,0,0,0,0
0,0,0,0,0,0,0
0,0,0,0,0,0,0
0,0,0,0,0,0,0
0,0,0,0,0,0,0
0,0,0,0,0,0,0
0,0,0,0,0,0,0
0,0,0,0,0,0,0
0,0,0,0,0,0,0
0,0,0,0,0,0,0
0,0,0,0,0,0,0
0,0,0,0,0,0,0
0,0,0,0,0,0,0
0,0,0,0,0,0,0
0,0,0,2.4885,0,0,0
0,0,0,0,0,0,0
0,0,0,0,0,0,0
0,0,0,0,0,0,0
0,0,0,0,0,0,0
0,1493.5,0,105.66,1161.8,21.947,0
0,0,0,0,0,0,0
0,0,0,0,0,0,0
0,0,0,0,0,0,0
0,0,0,0,0,0,0
0,0,0,0,0,0,0
0,0,0,0.83213,0,0,0
0,0,0,0,0,0,0
0,0,0,0,0,0,0
0,0,0,0,0,0,0
0,0,0,0,0,0,0
0,0,0,0,0,0,0
2.8947,3869.6,0,134.32,2109.9,13.99,0
8.8066,1168.8,0,22.616,2313.2,108.96,0
0,0,0,0,0,0,0
0,0,0,0,0,0,0
0,0,0,0,0,0,0
0,0,0,0,0,0,0
0,0,0,0,0,0,0
0,0,0,0,0,0,0
0,0,0,0,0,0,0
0,0,0,0,0,0,0
0,0,0,0,0,0,0
0,0,0,0,0,0,0
0,0,0,0,0,0,0
0,0,0,0,0,0,0
0,0,0,0,0,0,0
0,0,0,0,0,0,0
0,0,0,0,0,0,0
0,0,0,0,0,0,0
0,0,0,0,0,0,0
0,0,0,0,0,0,0
0,0,0,0,0,0,0
0,0,0,0,0,0,0
0,0,0,0,0,0,0
0,0,0,0,0,0,0
0,0,0,0,0,0,0
0,0,0,0,0,0,0
0,0,0,0,0,0,0
0,0.096114,0,0,0.011522,0,0
1.1398,70.238,0,6.2478,0.75971,1.6805,0
0,0,0,0,0,0,0
0,0,0,0,0,0,0
0,0,0,0,0,0,0
0,0,0,0,0,0,0
0,0,0,0,0,0,0
0,0,0,0,0,0,0
0,0,0,0,0,0,0
0,0,0,0,0,0,0
0,0,0,0.00093054,0,0.00085479,0
0,0,0,0,0,0,0
0,0,0,0,0,0,0
7.131,1421.3,0,25.781,3081.8,14.814,0
0,0,0,0,0,0,0
0,0,0,0,0,0,0
0,0,0,0,0,0,0
0,0,0,0,0,0,0
0,0,0,0,0,0,0
0,0,0,0,0,0,0
0,0,0,0,0,0,0
0,0,0,0,0,0,0
0,0,0,0,0,0,0
0,0,0,0,0,0,0
0,0,0,0,0,0,0
0,0,0,0,0,0,0
0,0,0,0,0,0,0
0,0,0,0,0,0,0
0,0,0,0,0,0,0
0,0,0,1.9128,0,0.05893,0
0,0,0,0,0,0,0
0,0,0,0,0,0,0
0,0,0,0,0,0,0
0,0,0,0,0,0,0
0,0,0,0,0,0,0
0,0,0,0,0,0,0
0,0,0,0,0,0,0
0,0,0,0,0,0,0
0,0,0,0,0,0,0
0,0,0,34.809,0,0.10693,0
0,0,0,0,0,0,0
0,0,0,0,0,0,0
0,0,0,0,0,0,0
0,0,0,0,0,0,0
0,0,0,0,0,0,0
0,0,0,0,0,0,0
0,0,0,0,0,0,0
0,0,0,0,0,0,0
0,0,0,0,0,0,0
0,0,0,0,0,0,0
0,0,0,0,0,0,0
0,0,0,0,0,0,0
0,0,0,0,0,0,0
0,0,0,0,0,0,0
0,0,0,0,0,0,0
0,0,0,0,0,0,0
0,0,0,0,0,0,0
0,0,0,0,0,0,0
0,0,0,0,0,0,0
0,0,0,0,0,0,0
0,0,0,0,0,0,0
0,0,0,0,0,0,0
0,0,0,0,0,0,0
0,0,0,0,0,0,0
0,0,0,0,0,0,0
0,0,0,0,0,0,0
0,0,0,0,0,0,0
0,10.704,0,0.61361,2.4101,0.096549,0
2.0519,576.98,0,47.97,145.36,8.6764,0
0,0,0,0,0,0,0
0,0.0488,0,0.00081753,2.0762e-05,0.001431,0
0,0,0,0,0,0,0
0,104.06,0,12.272,120.12,36.806,0
0,0,0,0.28203,0,0,0
0,1.0813,0,0.53854,0.013656,94.684,0
0,0,0,0,0,0,0
0,4.0583,0,0,2.5019,0,0
0,0,0,0,0,0,0
0,28.677,0,0.5538,12.608,3.0739,0
0,0.091592,0,0.0082471,0.010015,0.0076658,0
6.3169,487.44,0,19.274,0.77271,14.342,0
0,0,0,0,0,63.465,0
0,5.81,0,0,19.488,0,0
0,0,0,0,0,0,0
0,0,0,0,0,0,0
0,0,0,0,0,0,0
0,0,0,0,0,0,0
0,0,0,0,0,0,0
0,0,0,0,0,0,0
0,0,0,0,0,0,0
0.54053,2025.9,0,136.3,21270,22.379,0
3.4047,0,0,45.475,0,3.7865,0
0,0,0,0,0,0,0
0,0,0,0,0,0,0
0,20.866,0,2.3311,8.8455,0.3045,0
0,0,0,0.41967,0,3.6807,0
0,0.021693,0,0.17199,0,1.6358,0
0,551.83,0,53.918,24.855,0.11585,0
9.23,2723.6,0,145.5,4324.2,35.585,0
0,0,0,0,0,1.2232,0
0,2027.6,0,66.356,66.879,14.61,0
0.11562,1140.4,0,212.58,760.87,3.9825,0
3.9376,130.3,0,14.391,65.551,7.0693,0
0,0,0,0,0,0,0
10.377,1356.9,0,1597,12940,51.946,0
0,0.07452,0,0.10906,0.065533,8.2249,0
0,3.1345,0,0.26955,0.014158,1.5947,0
0,0,0,0,0,0.0044353,0
0,0.14126,0,0.00059694,0,0.015686,0
0,0,0,0,0,0,0
0.3158,2.2887,0,91.23,354.63,26.057,0
0,0,0,0,0,0,0
0,0,0,0,0,0,0
0,981.13,0,34.069,32.529,3.121,0
0,0,0,0,0,7.1171,0
0,0,0,0,0,0,0
0,0,0,0,0,0,0
0,0,0,0,0,0,0
0,0,0,0,0,0,0
0,0,0,0,0,0,0
0,0,0,0,0,0,0
0,0,0,0,0,0,0
0,0,0,0.22406,0,0,0
0,0,0,0,0,0,0
0,0,0,0,0,0,0
0,0,0,0,0,0,0
0,0,0,0,0,0,0
0,0,0,0,0,0,0
0,0,0,0,0,0,0
0,0,0,0,0,0,0
0,0,0,0,0,0,0
0,0,0,0,0,0,0
0,0,0,0,0,0,0
0,0,0,0,0,0,0
0,0,0,0,0,0,0
0,0,0,0,0,0,0
0,0,0,0,0,0,0
0,0,0,0,0,0,0
0,0,0,0,0,0,0
0,7062.1,0,159.75,727.79,229.9,0
0,0,0,0,0,0,0
0,0,0,0,0,0,0
0,0,0,0,0,0,0
0,0,0,0,0,0,0
0,0,0,0.012469,0,0,0
0,0,0,0,0,0,0
0,0,0,0,0,0,0
0,0,0,0,0,0,0
0.52352,5055.7,0,94.721,9971.7,65.725,0
0,0,0,0,0,0,0
2.0053,121.54,0,12.383,48.828,20.09,0
61.849,837.32,0,65.578,6310,4.4519,0
0,0,0,0,0,0,0
0,0,0,0,0,0,0
23.521,3230.2,0,185.97,12446,52.453,0
0,0,0,0,0,0,0
0,0,0,0,0,0.21379,0
0,2.2176,0,0.095574,0.011042,0.11541,0
0,0,0,0,0,0,0
0,0,0,0,0,0,0
0,0,0,0,0,0,0
0,0,0,0,0,0.34503,0
128.01,2533,0,88.763,6918.6,17.34,0
0,0,0,0,0,0,0
0,0,0,0,0,0,0
0,0,0,0,0,0,0
0,0,0,0,0,0,0
0,0,0,0,0,0,0
0,0,0,0,0,0,0
0,0,0,0,0,0,0
0,0,0,0,0,0,0
7.6026,42.911,0,28.337,17.337,8.3825,0
0,0,0,0,0,0,0
0,0,0,0,0,0,0
0,0,0,0,0,0,0
0.34612,1494.8,0,585.32,21266,30.209,0
0,0,0,0,0,0,0
282.33,2472.5,0,60.157,161.33,14.7,0
42.974,1239.8,0,147.26,316.93,23.35,0
0.009707,0,0,0.00051764,0,0.23664,0
0,0,0,0,0,0,0
49.443,1735.8,0,15.177,3028.2,3.9595,0
0,843.69,0,74.814,221.37,16.69,0
74.492,2239.5,0,9.6106,8849.9,51.27,0
0,0,0,0,0,0,0
0,0,0,0,0,0,0
0,0,0,0,0,0,0
0,0,0,0,0,0,0
87.137,7366,0,399.03,1376.1,110.33,0
0,0,0,0,0,18.899,0
0,0,0,0,0,0,0
5.0215,402.51,0,34.937,111.19,16.332,0
0,0,0,0,0,0,0
0,0,0,0,0,0,0
0,0,0,0.028373,0,0.56532,0
0,0,0,0,0,0,0
0,0,0,0,0,0,0
0,0,0,0,0,0,0
0,0,0,0,0,0,0
74.791,1183.6,0,134.31,1640.7,23.646,0
0,0,0,0,0,0,0
0,0,0,0,0,0,0
114.1,2409.8,0,191.68,2788.8,23.449,0
0,0,0,0,0,0,0
0,0,0,0,0,0,0
0,113.13,0,14.186,26.029,0.16472,0
0,0,0,0,0,0,0
0,0,0,0,0,0,0
0,0,0,0,0,0,0
0,621.78,0,4.581,826.17,17.205,0
0,0,0,0,0,0,0
0,0,0,0,0,0,0
0,0,0,0,0,0,0
0,0,0,0,0,0,0
0,0,0,0,0,0,0
0,0,0,0,0,0,0
0,0,0,0.020719,0,3.8426,0
0,0,0,0,0,0,0
0,0,0,0,0,0,0
0,0,0,0,0,0.2096,0
2.07,883.07,0,299.35,611.48,35.169,0
0,0,0,0,0,0,0
0,0,0,0,0,0,0
0,0,0,0,0,0,0
0,0,0,0,0,0,0
0,0,0,0,0,0,0
0,0,0,0,0,0,0
0,13467,0,6832.3,6187.6,103.53,0
0,0,0,0,0,0,0
0,0,0,0,0,0,0
0,0,0,0,0,0,0
0,0,0,0,0,0,0
0,0,0,0,0,0,0
0,1684,0,149.08,1232.1,125.02,0
0,4.5788,0,0.47811,0.34643,0.63255,0
0,0,0,0,0,0,0
0,0,0,0,0,0,0
0,0,0,0,0,0,0
0,0,0,0,0,0,0
0,0,0,0,0,0,0
0,0,0,0,0,0,0
0,0,0,0,0,0,0
0,0,0,0,0,0,0
0,314.67,0,4.7698,238.29,2.2597,0
0,0,0,0,0,0,0
1.2254,7840.3,0,3081.3,65359,35.806,0
0,0,0,0,0,0,0
0,0,0,0,0,0,0
0,0,0,0,0,0,0
0,0,0,0,0,0,0
0,0,0,0.0027048,0,0,0
0,0,0,22.125,0,0,0
0,0,0,0,0,0,0
0,420.89,0,38.758,2059.3,5.9984,0
0,0,0,0,0,0,0
0,0,0,0,0,0,0
0,0,0,0,0,0,0
0,0,0,0,0,0,0
0,0,0,0,0,0,0
0,0,0,0,0,0,0
0,0,0,0,0,7.6575,0
0,0,0,0,0,0,0
0,0,0,0,0,0,0
0,0,0,0,0,0,0
0,0,0,0,0,0,0
0,0,0,0,0,0,0
0,0,0,0,0,0,0
0,0,0,0,0,0,0
12.855,1563.5,0,183.1,2016.8,64.681,0
0,0,0,0,0,0.19606,0
0,0,0,0,0,0,0
0,0,0,0,0,0,0
0,0,0,0,0,0,0
0,0,0,0,0,0,0
0,0,0,0,0,0,0
0,0,0,0,0,0,0
0,0,0,0,0,0,0
0,0,0,0,0,0,0
0,0,0,0,0,0,0
0,0,0,0,0,0,0
0,0,0,0,0,0,0
0,0,0,0,0,0,0
0,108.96,0,65.615,10.296,45.158,0
0,0,0,0,0,0,0
0,0,0,0,0,0,0
0,0,0,0,0,0,0
0,0,0,0,0,0,0
0,0,0,0,0,0,0
0,0,0,0,0,0,0
0,0.98524,0,0.19553,0.31861,0.10147,0
7.1421,1552.7,0,1195.4,24257,27.307,0
0,0,0,0,0,0,0
0,1649.8,0,303.49,205.48,19.732,0
0,0,0,0,0,0,0
0,0,0,0,0,0,0
0,0,0,0,0,0,0
0,0,0,0,0,0,0
0,0,0,0,0,0,0
0,0,0,0,0,0,0
0,0,0,0,0,0,0
0,0,0,0,0,0,0
0,0,0,0,0,0,0
0,0,0,0,0,0,0
0,0,0,0,0,0,0
0,0,0,0,0,0,0
8.4395,3351.9,0,149.3,11230,18.679,0
0,0,0,0,0,0,0
0,0,0,0,0,0,0
0,0,0,0,0,0,0
0,0,0,0,0,0,0
0,0,0,0,0,0,0
0,0,0,0,0,0,0
0,0,0,0,0,0,0
0,0,0,0,0,0,0
0,0,0,0,0,0,0
0,0,0,0,0,0,0
0,0,0,0,0,0,0
0,0,0,0,0,0,0
0,0,0,0,0,0,0
0,0,0,0,0,0,0
0,0,0,0,0,0,0
0,0,0,0,0,0,0
0,0,0,0,0,0,0
0,0,0,0,0,0,0
0,0,0,0,0,0,0
0,0,0,0,0,0,0
0,0,0,0,0,0,0
0,0,0,0,0,0,0
0,0,0,0,0,0,0
0,0,0,0,0,0,0
0,0,0,0,0,0,0
0,0,0,0,0,0,0
0,0,0,0,0,0,0
0,0,0,0,0,0,0
0,0,0,0,0,0,0
0,0,0,0,0,0,0
0,0,0,0,0,0,0
0,0,0,0,0,0,0
14.36,946.93,0,19.282,2115.3,2.1158,0
5.1837,2180.2,0,284.26,4393,197.73,0
0,0,0,0,0,0,0
0,0,0,0,0,0,0
0,0.0087779,0,0.0016291,0.0018407,0.01,0
0,0,0,0,0,0,0
0,0,0,0,0,0,0
0,0,0,0,0,0,0
0,0,0,0,0,0,0
0,0,0,0,0,0,0
0,0,0,0,0,0,0
0,0,0,0,0,0,0
0,0,0,0,0,0,0
0,0,0,0,0,0,0
0,0,0,0,0,0,0
0,0,0,0,0,0,0
0,0,0,0,0,0,0
0,0,0,0,0,0,0
0,0,0,0,0,0,0
0,0,0,0,0,0,0
0,0,0,0,0,0,0
0,0,0,0,0,0,0
0,0,0,0,0,0,0
0,0,0,0,0,0,0
0,0,0,0,0,0,0
0,0,0,0,0,0.30795,0
0,0,0,0,0,0,0
0,0,0,0,0,0,0
0,0,0,0,0,0,0
0,0,0,0,0,0,0
0,0,0,0,0,0,0
0,0,0,21.703,0,0,0
0,0,0,0,0,0,0
0,0,0,0,0,0,0
0,0,0,0,0,0,0
0,0,0,0,0,0,0
0,0,0,0,0,0,0
0.0021015,43.389,0,7.9682,117.39,18.385,0
0,0,0,0,0,0,0
0,0,0,0,0,0,0
0.19329,486.8,0,178.28,14.953,11.626,0
0,0,0,0,0,0,0
0.060692,2212.9,0,336.46,4864.9,15.188,0
0,0,0,0,0,0,0
0,0,0,0,0,0,0
0,0,0,0,0,0,0
0,0,0,0,0,0,0
0,0,0,0,0,0,0
0,0,0,0,0,0,0
0,0,0,0,0,0,0
0,0,0,0,0,0,0
0,0.83,0,0.0051467,0.16357,21.004,0
0,0,0,0,0,0,0
0,0,0,0,0,0,0
0,0,0,0,0,0,0
0.20958,1583.7,0,306.38,5311.9,18.51,0
0,0,0,0,0,0,0
0,0,0,0,0,0,0
0,0,0,0,0,0,0
0,0,0,0,0,0,0
0,0,0,0,0,0,0
0,0,0,0,0,0,0
0,0,0,0,0,0,0
0,0,0,0,0,0,0
0,0,0,0,0,0,0
1.0922,1160.1,0,334.43,764.15,60.884,0
0,0,0,0,0,0,0
0.04938,1359.2,0,319.31,6170.7,77.552,0
0,0,0,0,0,0,0
0,0,0,0,0,0,0
0,0,0,0,0,0,0
0.021061,328.06,0,286.53,440.41,3.533,0
0,0,0,359.07,0,1.7201,0
0,0,0,0,0,0,0
0,0,0,0.1785,0,16.698,0
0,0,0,0,0,0,0
0,0,0,0,0,0,0
0,0,0,0,0,0,0
0,0,0,0,0,0,0
0,0,0,0,0,0,0
0,0,0,0,0,0,0
0.037145,1610.3,0,252.58,3597,9.0093,0
0,0,0,0,0,0,0
0,0,0,0,0,0,0
0,0,0,0,0,0,0
0,0,0,0,0,0,0
0,0,0,0,0,0,0
0,0,0,0,0,0,0
0,0,0,0,0,0,0
0.12333,895.64,0,138.04,5958.6,3.4024,0
0,0,0,0,0,0,0
0,0,0,0,0,0,0
0,0,0,0,0,0,0
0,0,0,0,0,0,0
0,0,0,0,0,0,0
0.055341,1812.8,0,10.416,26655,2.0371,0
0,0,0,0,0,0,0
0,0,0,0,0,0,0
0,0,0,0,0,0,0
0,0,0,0,0,0,0
0,0,0,0,0,0,0
0,430.91,0,55.606,2804.5,3.3995,0
16.483,3801.6,0,192.09,13446,12.14,0
0,0,0,0,0,0,0
0,0,0,0,0,0,0
0,0,0,0,0,0,0
0,0,0,0,0,0,0
0,0,0,0,0,0,0
0.42293,3083.6,0,2583,30575,21.638,0
0,0,0,0,0,0,0
0,0,0,0,0,0,0
2.2247,644.12,0,178.76,183.4,0,0
0,0,0,0,0,0,0
0,0,0,0,0,0,0
0,0,0,0,0,0,0
0,0,0,0,0,0,0
0,0,0,0,0,0,0
0,0,0,0,0,0,0
0,0,0,0,0,0,0
0,0,0,0,0,0,0
0,0,0,0,0,0,0
0,0,0,0,0,0,0
0,0,0,0,0,0,0
0,0,0,0,0,0,0
0,0,0,0.037481,0.04,0.43911,0
0,0,0,0,0,0,0
0,0,0,0,0,0,0
0,0,0,0,0,0,0
0,0,0,0,0,0,0
0,0,0,0,0,0,0
0,0,0,0,0,0,0
0,0,0,0,0,0,0
0,0,0,0,0,0,0
0,0,0,0,0,0,0
0,0,0,0,0,0,0
0,0,0,0,0,0,0
192.61,0,0,0,0,0,0
0,0,0,0,0,0,0
0,0,0,0,0,0,0
0,0,0,0,0,0,0
0,0,0,0,0,0,0
0,0,0,0,0,0,0
0,0,0,0,0,0,0
0,0,0,0,0,0,0
0,0,0,0,0,0,0
0,0,0,0,0,0,0
0,0,0,0,0,0,0
0,0,0,0,0,0,0
0,0,0,0,0,0,0
0,0,0,0,0,0,0
0,0,0,0,0,0,0
0,0,0,0,0,0,0
0,1242.7,0,326.07,6530,11.091,0
0,0,0,0,0,0,0
0,0,0,0,0,0,0
0,0,0,0,0,0,0
0,0,0,0,0,0,0
0,2083.7,0,15.276,186.09,102.86,0
0,0,0,0,0,0,0
0,0,0,0,0,0,0
0,0,0,0,0,0,0
0,0.59328,0,0.022743,1.1713,0.0033951,0
0,0,0,0,0,0,0
0,2006.5,0,148.48,2830.4,218.18,0
0,0,0,0,0,0.66146,0
0,0,0,0,0,0,0
0,0,0,0,0,0,0
0,0,0,11.083,0,0,0
0,0,0,0,0,0,0
0,0,0,0,0,0,0
0,0,0,0,0,0,0
0,0,0,0,0,0,0
0,0,0,0,0,0,0
0,0,0,0,0,0,0
0,1200.7,0,18.171,2006.7,299.46,0
0,0,0,0,0,0,0
0,0,0,0,0,0,0
0,0,0,0,0,0,0
0,0,0,52.954,733.88,0,0
23.135,1773.3,0,65.504,9.3966,113.1,0
0,0,0,0,0,0,0
0,0,0,0,0,0,0
0,0,0,0,0,0,0
0,0,0,0,0,0,0
0,2377.7,0,31.728,4.3071,20.794,0
0,0,0,0.034671,0,0,0
0,0,0,0,0,0,0
0,0,0,0,0,0,0
0,0,0,0,0,0,0
0,0,0,0,0,0,0
0,0,0,0,0,0,0
0,0,0,0,0,0,0
0,0,0,0,0,0,0
0,263.44,0,160,25.981,40.382,0
0,537.73,0,113.47,890.43,1.288,0
0,0,0,0,0,0,0
0,0,0,0,0,0,0
0,0,0,0,0,0,0
0,0,0,0,0,0,0
0,0,0,0,0,0,0
0,0,0,0,0,0,0
0,0,0,0,0,0,0
0,0,0,0,0,0,0
0,0,0,0,0,0,0
0,0,0,0,0,0,0
0,0,0,0,0,0,0
0,0,0,0,0,0,0
0,0,0,0,0,0,0
0,0,0,0,0,0,0
0,403.34,0,198.29,539.69,20.355,0
0,126.84,0,216.51,9.1665,40.275,0
0,235.86,0,281.05,4.592,4.9138,0
0,0,0,0,0,0,0
0,0,0,0,0,0,0
0,0,0,0,0,0,0
0,0,0,0,0,0,0
0,0,0,0,0,0,0
0,0,0,0,0,0,0
0,0,0,0,0,0,0
53.362,0,0,0,0,0,0
0,0,0,0,0,0,0
0,0,0,0,0,0,0
0,0,0,0,0,0,0
0,0,0,0,0,0,0
0,0,0,0,0,0,0
0,0,0,0,0,0,0
0,0,0,0,0,0,0
2.9132,1423.1,0,108.82,807.11,238.29,0
0,0,0,0,0,0,0
0.56914,853.01,0,5.9341,2515.7,52.373,0
0,0,0,0,0,0,0
0,0,0,0,0,0,0
0,0,0,0,0,0,0
0,0,0,0,0,0,0
0,709.26,0,3.9164,82.544,0,0
0,0,0,0,0,0,0
4.6334,1147.6,0,67.304,4501.5,21.859,0
0,0,0,0,0,0,0
0,0,0,0,0,0,0
0,0,0,0,0,0,0
6.2898,1788.2,0,96.477,3036.5,7.5407,0
0,244.56,0,16.618,1184.9,27.424,0
0.01336,61.162,0,4.389,49.727,0.63214,0
0,0,0,0,0,0,0
0,0,0,0,0,0,0
0,0,0,0,0,0,0
0,0,0,0,0,0,0
0,0,0,0,0,0,0
30.158,3027.2,0,259.16,2020.9,101.48,0
0.99613,831.64,0,32.321,513.31,50.527,0
0,223.45,0,30.421,184.68,1.6291,0
0.0056451,33.174,0,0.70533,22.987,0.35426,0
0,0,0,0,0,0,0
0,0,0,0,0,0,0
0,0,0,0,0,0,0
0,0,0,0,0,0,0
0,0,0,0,0,0,0
0.11544,327.83,0,13.636,5.8877,20.836,0
0,0,0,0,0,0,0
0,0,0,0,0,0,0
0,0,0,0,0,0,0
0,326.52,0,2.7717,2.9203,1.5827,0
0,969.06,0,36.546,1244.2,32.842,0
0,0,0,0,0,0,0
1.8561,486.75,0,0.79222,412.32,5.6962,0
0,0,0,0,0,0,0
0,0,0,0,0,0,0
0,0,0,0,0,0,0
0,0,0,0,0,0,0
0,0,0,0,0,0,0
0,0,0,0,0,0,0
0.33292,886.74,0,11.343,12.32,5.6638,0
0,0,0,0,0,0,0
0.69325,4671,0,668.31,28961,82.245,0
2.3002,412.22,0,21.825,415.06,1.822,0
0,0,0,0,0,0,0
5.4119,254.95,0,28.474,194.45,2.9505,0
0,0,0,0,0,0,0
0,0,0,0,0,0,0
1.3297,925.15,0,53.086,2936.2,50.643,0
0.56942,4122.9,0,48.743,33705,80.402,0
0,0,0,0,0,0,0
0,0,0,0,0,0,0
0,0,0,0,0,0,0
0,0,0,0,0,0,0
0,0,0,0,0,0,0
0.012849,640.33,0,0.81121,1503,10.007,0
0,0,0,0,0,0,0
5.0092,6172.3,0,208.8,3726.2,29.361,0
0,0,0,0,0,0,0
1.4056e-05,330.08,0,9.3862,158.49,20.406,0
0,0,0,0,0,0,0
0.17517,1870.1,0,36.073,6889.3,12.789,0
0,0,0,0,0,0,0
0,0,0,0,0,0,0
0,0,0,0,0,0,0
0,0,0,0,0,0,0
6.2994,0,0,0,0,0,0
0,0,0,0,0,0,0
0,0,0,0.0041234,0,0,0
0,0,0,0,0,0,0
0.0167,0.11269,0,0.012607,0.010367,77.94,0
0,0,0,0,0,0,0
0,0,0,0,0,0,0
0,0,0,0,0,0,0
5.8607,4295.3,0,1619.6,18916,30.806,0
0,0,0,0,0,0,0
22.326,2267,0,239.01,2363.1,258.2,0
0,0,0,0,0,0,0
0,1034.3,0,73.822,94.949,8.8054,0
0,0,0,0,0,0,0
0,0,0,0,0,0,0
0,0,0,0,0,0,0
6.6952,2761.4,0,456.61,10699,21.199,0
0,0,0,0,0,0,0
3.5802,1355.5,0,168.69,1349,39.556,0
0,0,0,0,0,0,0
0,0,0,0,0,0,0
0,0,0,0,0,0,0
167.96,5949.2,0,1262.3,9680.7,84.323,0
0,0,0,0,0,75.75,0
0,0,0,0,0,0,0
0,0,0,0,0,0,0
4.4,1610.8,0,625.81,8954.5,51.612,0
0,0,0,0,0,0,0
0,0,0,0,0,0,0
0,0,0,0,0,0,0
0,0,0,0,0,0,0
0,0,0,0,0,0,0
7.8006,2898,0,717.78,13062,21.148,0
0,0,0,0,0,0,0
0,0,0,0,0,9.6924,0
0,688.74,0,14.212,33.625,6.6758,0
0,0,0,0,0,0,0
0,0,0,0,0,0,0
0,754.03,0,22.233,70.23,7.7428,0
0,0,0,0,0,0,0
4.1735,6218.6,0,2563.5,35400,76.739,0
0,0,0,1.2773,0,0,0
0,0,0,0.4938,0,0.33907,0
0,0,0,0,0,0,0
0,0,0,0,0,0,0
0,0,0,6.6727,0,103.16,0
0,0,0,0,0,0,0
0,0,0,0,0,0,0
0,0,0,0,0,0,0
0,0,0,0,0,0,0
0,0,0,0,0,0,0
0,0,0,0,0,0,0
0,0,0,0,0,0,0
0,0,0,0,0,0,0
0,0,0,0,0,0,0
0,0,0,0,0,0,0
0,0,0,0,0,0,0
0,0,0,0,0,0,0
0,0,0,0,0,0,0
0,0,0,0,0,0,0
0,0,0,0,0,0,0
0,0,0,0,0,0,0
0,0,0,0,0,0,0
0,0,0,0,0,0,0
0,0,0,0,0,0,0
0,0,0,0,0,0,0
0,0,0,0,0,0,0
0,0,0,0,0,0,0
0,0,0,0,0,0,0
0,0,0,0,0,0,0
0,0,0,0,0,0,0
0,0,0,0,0,0,0
0,0,0,0,0,0,0
0,0,0,0,0,0,0
0,0,0,0,0,0,0
0,0,0,0,0,0,0
0,0,0,0,0,0,0
0,0,0,0,0,0,0
0,0,0,0,0,0,0
0,0,0,0,0,0,0
0,0,0,0,0,0,0
0,0,0,0,0,0,0
0,0,0,0,0,0,0
0,0,0,0,0,0,0
0,0,0,0,0,0,0
0,0,0,0,0,0,0
0,0,0,0,0,0,0
0,0,0,0,0,0,0
0,0,0,0,0,0,0
0,0,0,0,0,0,0
0,0,0,0,0,0,0
0,0,0,0,0,0,0
0,0,0,0,0,0,0
0,0,0,0,0,0,0
0,0,0,0,0,0,0
0,27.769,0,0.31973,0.051285,0.22072,0
0,0,0,0,0,0,0
0,0.090356,0,0.00012056,0.00043057,0.027188,0
0,0,0,0,0,0,0
0,0,0,0,0,0,0
0,0,0,0,0,0,0
0,0,0,0,0,0,0
0,0,0,0,0,0,0
0,0,0,0,0,0,0
0,0,0,0,0,0,0
0,0,0,0,0,0,0
0,0,0,0,0,0,0
0,0,0,0,0,0,0
0,0,0,0,0,0,0
0,0,0,0,0,0,0
0,0,0,0,0,0,0
0,0,0,0,0,0,0
0,0,0,0,0,0,0
0,0,0,0,0,0,0
0,0,0,0,0,0,0
0,0,0,0,0,0,0
0,0,0,0,0,0,0
0,0,0,0,0,0,0
0,0.19724,0,0.17923,0,0.011664,0
0,0,0,0,0,0,0
0,0,0,0,0,0,0
0,0,0,0,0,0,0
0,0,0,0,0,0,0
0,0,0,0,0,0,0
0,0,0,0,0,0,0
0,0,0,0,0,0,0
0,0,0,0,0,0,0
0,0,0,0.034082,0,0.0057356,0
0,0,0,0,0,0,0
0,0,0,0,0,0,0
0,0,0,0,0,0,0
0,0,0,0,0,0,0
0,0,0,0,0,0,0
0,0,0,0,0,0,0
0,0,0,0,0,0,0
0,0,0,0,0,0,0
0,0,0,0,0,0,0
0,0,0,0,0,0,0
0,0,0,0,0,0,0
0,0,0,0,0,0,0
0,0,0,0,0,0,0
0,0,0,0,0,0,0
0,0,0,0,0,0,0
0,0,0,0,0,0,0
0,3501.1,0,29.223,22.29,0.27208,0
0,1340.4,0,3.4673,0.73245,19.958,0
0,1.0217,0,10.421,0.010268,0.014039,0
0,0,0,0,0,0,0
0,1645.9,0,295.32,1722.9,146.22,0
20.065,8091.6,0,142.5,28490,6.8822,0
0,0,0,0,0,0,0
0,0,0,0,0,0,0
0,0,0,0,0,0,0
0,0,0,0,0,0,0
0,0,0,0,0,0,0
0,2.0944,0,0.10975,10.668,0.028664,0
0,0,0,0,0,0,0
0,0,0,0,0,0,0
0,0,0,0,0,0,0
0,307.8,0,0.17796,294.89,181.37,0
0,0,0,0,0,0,0
0,0,0,0,0,0,0
0,0,0,0,0,0,0
0,0,0,0,0,0,0
0,0,0,0,0,0,0
0.13617,369.17,0,145.14,1364.9,17.293,0
0,205.97,0,39.603,17.054,357.73,0
0,0,0,0,0,0,0
0,0,0,0,0,0,0
0,0,0,0,0,0,0
0,0,0,0,0,0,0
0,0,0,0,0,0,0
0,0,0,0,0,0,0
0,0,0,0,0,0,0
0,0,0,0,0,0,0
0,0,0,0,0,0,0
0,0,0,0,0,0,0
0,0,0,0,0,0,0
0,0,0,0,0,0,0
0,0,0,0,0,0,0
0,0,0,0,0,0,0
0,0,0,0,0,0,0
0,0,0,0,0,0,0
0,0,0,0,0,0,0
0,0,0,0,0,0,0
0,0,0,0,0,0,0
0,0,0,0,0,0,0
0,0,0,0,0,0,0
0,0,0,0,0,0,0
0,0,0,0,0,0,0
0,0,0,0,0,0,0
0.58039,10497,0,299.87,12019,115.28,0
0,0,0,0,0,0,0
0,0,0,0,0,0,0
0,4258.4,0,80.03,12961,49.417,0
0,0,0,0,0,0,0
0,0,0,0,0,0,0
0,0,0,0,0,0,0
0,0,0,0,0,0,0
0,0,0,0,0,0,0
0,0,0,0,0,0,0
0,0,0,0,0,0,0
0,0,0,0,0,0,0
0,0,0,0,0,0,0
0,0,0,0,0,0,0
0,0,0,0,0,0,0
0,0,0,0,0,0,0
0,0,0,0,0,0,0
0,1.4437,0,0.20012,2.9479,0.11087,0
0,0,0,0,0,0,0
0,0,0,0,0,0,0
0,0,0,0,0,0,0
0,0,0,0,0,0,0
0,0,0,0,0,0,0
0,2999.9,0,62.733,11060,25.699,0
0,0,0,0,0,0,0
0,0,0,0,0,0,0
0,0,0,0,0,0,0
0,0,0,0,0,0,0
0,0,0,0,0,0,0
0,0,0,0,0,0,0
0,0,0,0,0,0,0
0,2677.8,0,12.8,624.82,52.5,0
0,0,0,0,0,0,0
0,0,0,0,0,0,0
0,0,0,0,0,0,0
0,0,0,0,0,0,0
0.11951,28.906,0,0.0085156,4.9953,68.822,0
0,0.33914,0,0.0015241,0,0.021913,0
0,0,0,0,0,0,0
0,0,0,0,0,0,0
0,0,0,0,0,0,0
0,0,0,0,0,0,0
0,0,0,0,0,0,0
0,0,0,0,0,0,0
0,0,0,0,0,0,0
0,3.1068,0,0,0.010326,32.088,0
0,0,0,0,0,0,0
0,0,0,0,0,0,0
0,0,0,0,0,0,0
0,0,0,0,0,0,0
0,0,0,0,0,0,0
0,0,0,0,0,0,0
0,40.273,0,0,0.18178,92.208,0
0,0,0,0,0,0,0
0,0,0,0,0,0,0
0,0,0,0,0,0,0
0,0,0,0,0,0,0
0,0,0,0,0,0,0
0,0,0,0,0,0,0
0,0,0,0,0,0.21447,0
0,0,0,0,0,0,0
0,0,0,0,0,0,0
2.7988,1292.9,0,14.731,13.154,66.924,0
0,0,0,0,0,0,0
0,0,0,0,0,0,0
0,0,0,0,0,0,0
0,0,0,0,0,0,0
0,0,0,0,0,0,0
0,0,0,0,0,0,0
0,0,0,0,0,0,0
0,0,0,0,0,0,0
0,0,0,0,0,0,0
0,0,0,0,0,0,0
0,0.24108,0,0.0018693,0.00092924,0.0036536,0
0,0,0,0,0,0,0
0,0,0,0,0,0,0
0,0,0,0,0,0,0
0,6.3517,0,0.019212,0.0064743,0.040445,0
0,0,0,0,0,0,0
0,0,0,0,0,0,0
0,0,0,0,0,0,0
0,0,0,0,0,0,0
0,0,0,0,0,0,0
0,0,0,0,0,0,0
0,0,0,0,0,0,0
0,0,0,0,0,0,0
25.143,4249.9,0,182.1,3324.5,675.63,0
0,34.868,0,1.833,0.94021,1.7042,0
0,0,0,0,0,0,0
0,0,0,0,0,0,0
0,0,0,0,0,0,0
0,0,0,0,0,0,0
0,0,0,0,0,0,0
0,0,0,0,0,0,0
0,0,0,0,0,0,0
0,0,0,0,0,0,0
0,0,0,0,0,0,0
0,0,0,0,0,0,0
0,0,0,0,0,0,0
0,0,0,0,0,0,0
0,1.8149,0,4.0785,0.00087921,6.9432,0
0,0,0,0,0,0,0
0,0,0,0,0,0,0
0,0,0,0,0,0,0
0,0,0,0,0,0,0
0,0,0,0,0,0,0
0,2127.5,0,1.5635,4584.2,1.4878,0
0,0,0,0,0,0,0
0,0,0,0,0,0,0
0,0,0,0,0,0,0
0,0,0,0,0,0,0
0,0,0,0,0,0,0
0,0,0,0,0,0,0
0,0,0,0,0,0,0
0,0,0,0,0,0,0
0,0,0,0,0,0,0
0,0,0,0,0,0,0
7.5215,368.28,0,59.957,4951.1,451.71,0
0,3.7486,0,0,0.009443,18.455,0
0,0,0,0,0,0,0
0,0,0,0,0,0,0
0,0,0,0,0,0,0
0,0,0,0,0,0,0
0,7.7427,0,0.30422,486.75,0.65258,0
0,0,0,0,0,0,0
0,0,0,0,0,0,0
0,0,0,0,0,0,0
0,0,0,0,0,0,0
0,0,0,0,0,0,0
0,0,0,0,0,0,0
0,0,0,0,0,0,0
0,0,0,0,0,0,0
0,0,0,0,0,0,0
0,960.46,0,0,5222.2,197.54,0
0,0,0,0,0,0,0
0,0,0,0,0,0,0
0,0,0,0,0,0,0
0,0,0,0,0,0,0
0,0,0,0,0,0,0
0,314.96,0,21.142,22.298,149.68,0
0,0,0,0,0,0,0
0,0,0,0,0,0,0
0,0,0,0,0,0,0
0,0,0,0,0,0,0
0,0,0,0,0,0,0
0,0,0,0,0,0,0
0,0,0,0,0,0,0
0,0,0,0,0,0,0
0,0,0,0,0,0,0
0,0,0,0,0,0,0
0,0,0,0,0,0,0
0,0,0,0,0,0,0
0,0,0,0,0,0,0
0,0,0,0,0,0,0
0,0,0,0,0,0,0
0,0,0,0,0,0,0
0,0,0,0,0,0,0
0,0,0,0,0,0,0
0,0,0,0,0,0,0
0,0,0,0,0,0,0
0,0,0,0,0,0,0
0,0,0,0,0,0,0
0,0,0,0,0,0,0
0,0,0,0,0,0,0
0,0,0,0,0,0,0
0,0,0,0,0,0,0
0,0,0,0,0,0,0
0,0,0,0,0,0,0
0,0,0,0,0,0,0
0,0,0,0,0,0,0
0,0,0,0,0,0,0
0,0,0,0,0,0,0
0,0,0,0,0,0,0
0,0,0,0,0,0,0
0,0,0,0,0,0.026915,0
0,0,0,0,0,0,0
0,0,0,0,0,0,0
0,0,0,0,0,0,0
0,0,0,0,0,0,0
0,0,0,0,0,0,0
0,0,0,0,0,0,0
0,0,0,0,0,0,0
47.45,4008.8,0,732.94,21464,120.36,0
0,0,0,0,0,0,0
0,0,0,0,0,0,0
0,0,0,0,0,0,0
0,0,0,0,0,0,0
0,0,0,0,0,0,0
0,3.517,0,0.077471,0.0056878,1.0525,0
0,0,0,0,0,0,0
0,0,0,0,0,0,0
0,2083.8,0,85.892,299.5,10.602,0
0,0,0,0,0,0,0
0,0,0,0,0,0,0
0,72.745,0,21.395,34.857,31.549,0
0,0,0,0,0,0,0
0,0,0,0,0,0,0
0,0,0,0,0,0,0
0,0,0,0,0,0,0
0,0,0,0,0,0,0
0,0,0,0,0,0,0
0,0,0,0,0,0,0
0,0,0,0,0,0,0
0,0,0,0,0,0,0
0,1093.3,0,67.042,86.918,31.557,0
0,0,0,0,0,0,0
0,0,0,0,0,0,0
0,0,0,0,0,0,0
0,0,0,0,0,0,0
0,0,0,0,0,0,0
0,0,0,0,0,0,0
0,0,0,0,0,0,0
0,0,0,0,0,0,0
0,0,0,0,0,0,0
29.633,2107.3,0,90.569,4535.5,1.7762,0
0,0,0,0,0,0,0
0,0,0,0,0,0,0
0,0,0,0,0,0,0
0,0,0,0,0,0,0
0,0,0,0,0,0,0
0,0,0,0,0,0,0
0,0,0,0,0,0,0
0,0,0,0,0,0,0
0,0,0,0,0,0,0
0,0,0,0,0,0,0
0,0,0,0,0,0,0
0,0,0,0,0,0,0
0,0,0,0,0,0,0
0,0,0,0,0,0,0
0,0,0,0,0,0,0
0,0,0,0,0,0,0
0,0,0,0,0,0,0
0,0,0,0,0,0,0
0,0,0,0,0,0,0
0,0,0,0,0,0,0
0,0,0,0,0,0,0
0,0.061771,0,0,0,0,0
0,0,0,0,0,0,0
0,0,0,0,0,0,0
0,0,0,0,0,0,0
0,0,0,0,0,0,0
0,10219,0,1182.1,25848,66.95,0
0,0,0,0,0,0,0
0,0,0,0,0,0,0
0,0,0,0,0,0,0
0,0,0,0,0,0,0
0,0,0,0,0,0,0
0,0,0,0,0,0,0
0,0,0,0,0,0,0
0,0,0,0,0,0,0
0,0,0,0,0,0,0
0.0042225,10.174,0,0,0.046308,39.497,0
0,0,0,0,0,0,0
0,0,0,0,0,0,0
0,0,0,0,0,0,0
0,0,0,0,0,0,0
0,0,0,0,0,0,0
0,0,0,0,0,0,0
0,0,0,0,0,0,0
0,0,0,0,0,0,0
37.17,8417.9,0,171.24,4566,40.658,0
0,0,0,0,0,0,0
0,0,0,0,0,0,0
0,0,0,0,0,0,0
0,0,0,0,0,0,0
0,0,0,0,0,0,0
0,0,0,0,0,0,0
0,0,0,0,0,0,0
0,0,0,0,0,0,0
0,0,0,0,0,0,0
0,0,0,0,0,0,0
0,0,0,0,0,0,0
0,0.04497,0,0.44923,0.0015522,0.019348,0
0,0,0,0,0,0,0
0.20904,375.7,0,16.113,821.72,17.45,0
0,0,0,0,0,0,0
0.010548,0.37232,0,0.022205,0.0029701,0.04736,0
0,0,0,0,0,0,0
0,0,0,0,0,0,0
0,0,0,0,0,0,0
0,0,0,0,0,0,0
0,0,0,0,0,0,0
0,0.025207,0,0,0,0,0
0,0,0,0,0,0,0
0,0,0,0,0,0,0
0,1032.4,0,3.2591,228.84,41.205,0
0,0,0,0,0,0,0
0,0,0,0,0,0,0
0.43986,13.751,0,0.69998,0.10496,0.47998,0
0,0,0,0,0,0,0
0,0,0,0,0,0,0
0,0,0,0,0,0,0
0,0,0,0,0,0,0
0,2.5072,0,0.063733,0.13736,0.15059,0
0,0,0,0,0,0,0
0,30.501,0,0,0,0,0
0,0,0,0,0,0,0
0,0,0,0,0,0,0
0,0,0,0,0,0,0
0,0,0,0,0,0,0
0,0,0,0,0,0,0
0,0,0,0,0,0,0
0,0,0,0,0,0,0
0,336.04,0,34.536,8.0818,11.23,0
0,0,0,0,0,0,0
0,0,0,0,0,0,0
0,0,0,0,0,0,0
0,0,0,0,0,0,0
0,0,0,0,0,0,0
0,0,0,0,0,0,0
0,0,0,0,0,0,0
0,0,0,0,0,0,0
0,0,0,0,0,0,0
0,0,0,0,0,0,0
0,0,0,0,0,0,0
0,0,0,0.94248,0,0,0
0,0,0,0,0,0,0
0,0,0,0,0,0,0
0,0,0,0,0,0,0
0,0,0,0,0,0,0
0,0,0,0,0,0,0
0.0216,46.177,0,14.957,46.085,10.139,0
0,0,0,0,0,0,0
0,0,0,0,0,0,0
0,0,0,0,0,0,0
5.5288,1708.6,0,104.53,2340.1,57.746,0
0,0,0,0,0,0,0
0,0,0,0,0,0,0
0,0,0,0,0,0,0
0,0,0,0,0,0,0
0,0,0,0,0,0,0
0,0,0,0,0,0,0
0,0,0,0,0,0,0
0,0,0,0,0,0,0
0,85.444,0,1.6936,7.8607,4.5408,0
0,0,0,0,0,0,0
0,0,0,0,0,0,0
0,0,0,0,0,0,0
0,0,0,0,0,0,0
0,0,0,0,0,0,0
0,0,0,0,0,0,0
0,0,0,0,0,0,0
0,1606.4,0,11.712,32.742,0,0
0,0,0,0,0,0,0
0,0,0,0,0,0,0
0,0,0,0,0,0,0
0,0,0,0,0,0,0
0,0,0,0,0,0,0
0.088689,2636.9,0,108.43,7957,13.864,0
0,0,0,0,0,0,0
0,0,0,0,0,0,0
0,0,0,0,0,0,0
0,0,0,0,0,0,0
0,0,0,0,0,0,0
0.85429,9070.9,0,153.41,1769,52.783,0
0,0,0,0,0,0,0
0,0,0,0,0,0,0
0,0,0,0,0,0,0
0,0,0,0,0,0,0
0.00017572,484.27,0,89.157,1248.3,21.78,0
0,0,0,0,0,0,0
0,0,0,0,0,0,0
0,0,0,21.324,0,0,0
0,739.71,0,69.318,352.05,349.75,0
0,0,0,0,0,0,0
0,0,0,0,0,0,0
0,0,0,0,0,0,0
0,0,0,0,0,0,0
0,0,0,0,0,0,0
0,0,0,0,0,0,0
0,0,0,0,0,0,0
0.00072294,0,0,25.696,0,0,0
0,0,0,0,0,0,0
0,0,0,0,0,0,0
0,0,0,0,0,0,0
0,0,0,0,0,0,0
0,0,0,0,0,0,0
0,0,0,0,0,0,0
0,0,0,0,0,0,0
0,0,0,0,0,0,0
0,0,0,0,0,0,0
0,0,0,0,0,0,0
0,0,0,0,0,0,0
0,0,0,0,0,0,0
0,0,0,0,0,0,0
0,0,0,0,0,0,0
0,0,0,0,0,0,0
0,0,0,0,0,0,0
0,0,0,0,0,0,0
0,0,0,0,0,0,0
0,0,0,0,0,0,0
0,0,0,0,0,0,0
0,0,0,0,0,0,0
0,0,0,0,0,0,0
0,0,0,0,0,0,0
0,0,0,0,0,0,0
0,0,0,0,0,0,0
0,0,0,0,0,0,0
0,0,0,0,0,0,0
0,0,0,0,0,0,0
0,0,0,0,0,0.064329,0
0,0,0,0,0,0,0
0,0,0,0,0,0,0
0,0,0,0,0,0,0
0,0,0,0,0,0,0
0,0,0,0,0,0,0
0,0,0,0,0,0,0
0,18.817,0,0.4715,1.1097,5.574,0
0,539.46,0,22.063,515.97,28.141,0
0,0,0,0,0,0,0
0,0,0,0,0,0,0
0,0,0,0,0,0,0
0,0,0,0,0,0,0
0,0,0,0,0,0,0
0,0,0,0,0,0,0
0,0,0,0,0,0,0
0,0,0,0,0,0,0
0,32.39,0,2.8307,0.003828,19.781,0
0,0,0,0,0,0,0
0,0,0,0,0,0,0
0,0,0,0,0,0,0
0,0,0,0,0,0,0
0,0,0,0,0,0,0
0,0,0,0,0,0,0
0,0,0,0,0,0,0
0,0,0,0,0,0,0
0,0,0,0,0,0,0
32.264,1606.3,0,33.407,1850.9,226.66,0
0,0,0,0,0,0,0
0,0,0,0,0,0,0
0,0,0,0,0,0,0
0,0,0,0,0,0,0
0,0,0,0,0,0,0
0,0,0,0,0,0,0
0,0,0,0,0,0,0
0,0,0,0,0,0,0
0,0,0,0,0,0,0
0,0,0,0,0,0,0
0,850.04,0,9.26,384.04,0.0053898,0
0,0,0,0,0,0,0
0,0,0,0,0,0,0
0,0,0,0,0,0,0
0,0,0,0,0,0,0
0,0,0,0,0,0,0
0,0,0,0,0,0,0
0,0,0,0,0,0,0
0,0,0,0,0,0,0
0,0,0,0,0,0,0
0,0,0,0,0,0,0
0,0,0,0,0,0,0
0,0,0,0,0,0,0
0,0,0,0,0,0,0
0,1.2688,0,5.3938,0,0,0
0,0,0,0.67306,0,0,0
0,481.61,0,85.734,3.6111,4.8488,0
0,0,0,0,0,0,0
0,491.56,0,3.3733,11.768,0.96144,0
0,0,0,0,0,0,0
0,0,0,0,0,0,0
0,0,0,0,0,0,0
0,0,0,0,0,0,0
0,0,0,0,0,0,0
0,0,0,0,0,0,0
0,0,0,0,0,0,0
0,175.05,0,43.305,27.569,25.199,0
0,2489.6,0,6.6795,419.66,10.979,0
0,0,0,0,0,0,0
0,0,0,0,0,0,0
0,0,0,0,0,0,0
2.3371,0,0,0,0,0,0
0,0,0,0,0,0,0
0,0,0,0,0,0,0
0,0,0,0,0,0,0
0,0,0,0,0,0,0
0,0,0,0,0,0,0
0,223.62,0,35.75,396.86,29.556,0
0,0,0,0,0,0,0
0,0,0,0,0,0,0
0,0,0,0,0,0,0
0,0,0,0,0,1.4175,0
0,0,0,0,0,0,0
0,0,0,0,0,0,0
0,0,0,0,0,0,0
0,0,0,0,0,0,0
0,0,0,0,0,0,0
0,5.9524,0,2.1991,46.611,1.333,0
0,0,0,0,0,0,0
0,0,0,0,0,0,0
0,0,0,0,0,0,0
0,0,0,0,0,0,0
0,0,0,0,0,0,0
0,0,0,0,0,0,0
0,0,0,0,0,0,0
0,0,0,0,0,0,0
0,0,0,0,0,0,0
0,0,0,0,0,0,0
0,0,0,0,0,0,0
0,0,0,0,0,0,0
0,0,0,0,0,0,0
0.0016676,1436.4,0,19.485,995.78,4.8463,0
0,0,0,0,0,0,0
0,0,0,0,0,0,0
0,46.231,0,3.6168,0.23184,3.413,0
0,0,0,0,0,0,0
0,0,0,0,0,0,0
0,0,0,0.12134,0,0,0
0,0,0,0,0,0,0
0.014718,2973.8,0,236.07,13405,19.349,0
0,0,0,0,0,0,0
0,0,0,0,0,0,0
0,0,0,0,0,0,0
0,0,0,0,0,0,0
5.8558,15.794,0,1.1915,1754.3,37.619,0
0,722.75,0,20.246,4044.9,1.3564,0
0.075682,50.347,0,89.343,156.78,20.526,0
0,0,0,0,0,0,0
0,0,0,0,0,0,0
0,0,0,0,0,0,0
0,0,0,0,0,0,0
0,0,0,0,0,0,0
0,0,0,0,0,0,0
0,0,0,0,0,0,0
0,0,0,0,0,0,0
0,0,0,0,0,0,0
0,0.3044,0,0.022798,0.023585,93.252,0
0,0,0,0,0,0,0
0,0,0,0,0,0,0
0,0,0,0,0,0,0
0,0,0,0,0,0,0
0,0,0,0,0,0,0
0,0,0,0,0,0,0
0,0,0,0,0,0,0
0,0,0,0,0,0,0
0,0,0,0,0,0,0
0,0,0,0,0,0,0
0,0,0,0,0,0.59454,0
0,0,0,0,0,0,0
0,0,0,0,0,0,0
0,0,0,0,0,0,0
0,0,0,0,0,0,0
0,0,0,0,0,0,0
0,0,0,0.021693,0,1.0358,0
0,0,0,0,0,0,0
0,0,0,0,0,0,0
0,0,0,0,0,0,0
0,0,0,0,0,0,0
0,0,0,0,0,0,0
10.234,10972,0,40.798,23191,110.3,0
0,0,0,0,0,0,0
0,0,0,0,0,0,0
0,0,0,0,0,0,0
0,0,0,0,0,0,0
0,0,0,0,0,0,0
0,0.090427,0,1.2328,0.048995,0.0005928,0
0,0,0,0,0,0,0
0,900.67,0,29.734,2421.9,41.95,0
0,0,0,0,0,0,0
0,0,0,0,0,0,0
0,0,0,0.058705,0,0,0
0,0,0,0,0,0,0
0,3.2067,0,0.010327,0.023436,1.4543,0
0,0,0,0.0021305,0,0,0
0,0,0,0.0087274,0,0,0
0,0,0,0,0,0,0
9.2356,2518.1,0,19.353,13015,29.05,0
0,0,0,0,0,0,0
0,0,0,0,0,0,0
0,0,0,0,0,0,0
0,0,0,0,0,0,0
0,0,0,0,0,0,0
29.927,0,0,0,0,0,0
0,0,0,0,0,0,0
103.96,2958,0,42.759,1102.8,317.73,0
0,0,0,0.00034534,0,0,0
0,0,0,0,0,0.0098309,0
0,0,0,0,0,0,0
0,0,0,0,0,0,0
0,0,0,0,0,11.796,0
0,0,0,0,0,8.6993,0
0,0,0,0.48245,0.99856,1.752,0
0,0,0,0.027006,0,2.5083,0
0,0,0,0,0,0,0
0,0,0,0,0,0,0
8.0838,3710,0,52.493,7058.3,57.708,0
0,0,0,0,0,0,0
0,0,0,0,0,0,0
0,0,0,0,0,0,0
1.2254,2252.2,0,2.2506,7739.4,41.67,0
0,0,0,0,0,4.7244,0
0,0,0,0,0,0,0
0,0,0,0,0,0,0
0,0,0,0,0,0,0
0,0,0,0,0,0,0
0,0,0,0,0,0,0
0,0,0,0,0,0,0
0,0,0,0,0,0,0
8.3519,233.4,0,0.26358,1.6415,10.176,0
0,0,0,0,0,0,0
0,0,0,0,0,0,0
0,0,0,0,0,0,0
0,0,0,0,0,0,0
0,0,0,0,0,0,0
0,0.27705,0,0.00053545,0.0029377,1.4543,0
0,0,0,0,0,0,0
0,0,0,0,0,0,0
0,0,0,0,0,0,0
0,0,0,0,0,0,0
0,0,0,0,0,0,0
0,0,0,0,0,0,0
0,0,0,0,0,0,0
0,0,0,0,0,1.5632,0
0,0,0,0,0,0,0
0,0,0,0,0,0,0
0,0,0,0,0,2.3943,0
4.0912,864.35,0,41.581,458.33,93.154,0
0,0,0,0,0,0,0
0,0,0,0,0,0,0
14.029,8894.2,0,508.87,8864.4,135.91,0
0,0,0,0,0,0,0
0,946.57,0,810.96,13.785,37.132,0
0,0,0,0,0,0,0
0,0,0,0,0,0,0
0,0,0,0,0,0,0
0,0,0,0,0,0,0
0,0,0,0,0,0,0
0,0,0,0,0,0,0
0,0,0,0,0,0,0
0,0,0,0,0,0,0
0,0,0,0,0,0,0
0,0,0,0,0,0,0
0,0,0,0,0,0,0
0,0,0,0,0,0,0
0,0,0,0,0,0,0
0,0,0,0,0,0,0
0,0,0,0,0,0,0
0,0,0,0,0,0,0
0,0,0,0,0,0,0
0,0,0,0,0,0,0
